mean doses per period,2 dose vial,5 dose vial,10 dose vial,20 dose vial
0,0.5,0.8,0.9,0.95
0.076923077,0.5,0.8,0.9,0.95
0.153846154,0.48,0.792,0.896,0.948
0.230769231,0.460063898,0.783795309,0.891897655,0.945948827
0.307692308,0.440254777,0.775386581,0.887693291,0.943846645
0.384615385,0.420634116,0.766774728,0.883387364,0.941693682
0.461538462,0.401261036,0.757960941,0.878980457,0.939490229
0.538461538,0.382191618,0.748946713,0.874473276,0.937236638
0.615384615,0.36347829,0.739733867,0.869866648,0.934933324
0.692307692,0.34516931,0.730324579,0.865161518,0.932580759
0.769230769,0.327308348,0.720721407,0.860358942,0.930179471
0.846153846,0.30993417,0.710927314,0.855460088,0.927730044
0.923076923,0.293080437,0.700945696,0.850466224,0.925233112
1,0.276775597,0.690780407,0.845378718,0.922689359
1.076923077,0.261042882,0.680435784,0.84019903,0.920099515
1.153846154,0.245900395,0.669916668,0.834928707,0.917464353
1.230769231,0.231361274,0.659228424,0.829569375,0.914784687
1.307692308,0.217433929,0.648376958,0.824122736,0.912061368
1.384615385,0.204122329,0.637368736,0.818590558,0.909295279
1.461538462,0.191426333,0.626210786,0.81297467,0.906487335
1.538461538,0.179342061,0.614910715,0.807276957,0.903638478
1.615384615,0.167862269,0.603476704,0.80149935,0.900749674
1.692307692,0.156976746,0.591917508,0.795643822,0.897821909
1.769230769,0.146672704,0.58024245,0.789712381,0.894856186
1.846153846,0.136935162,0.568461409,0.783707063,0.891853524
1.923076923,0.127747311,0.556584803,0.777629927,0.888814951
2,0.119090867,0.544623562,0.771483048,0.885741503
2.076923077,0.110946393,0.532589107,0.765268512,0.882634222
2.153846154,0.103293597,0.520493311,0.758988409,0.879494152
2.230769231,0.096111606,0.508348463,0.752644832,0.876322335
2.307692308,0.089379204,0.496167223,0.746239868,0.873119812
2.384615385,0.083075048,0.483962576,0.739775594,0.869887616
2.461538462,0.077177857,0.471747777,0.733254077,0.866626775
2.538461538,0.071666565,0.459536299,0.726677365,0.863338306
2.615384615,0.066520468,0.447341767,0.720047487,0.860023212
2.692307692,0.061719324,0.435177904,0.713366451,0.856682486
2.769230769,0.057243455,0.423058459,0.706636238,0.853317102
2.846153846,0.053073814,0.41099715,0.699858803,0.849928019
2.923076923,0.049192045,0.399007588,0.693036073,0.846516178
3,0.045580518,0.38710322,0.686169944,0.843082499
3.076923077,0.042222364,0.375297257,0.679262283,0.839627883
3.153846154,0.039101487,0.363602614,0.672314926,0.836153209
3.230769231,0.03620257,0.352031848,0.665329679,0.832659334
3.307692308,0.033511079,0.340597096,0.658308317,0.829147091
3.384615385,0.031013249,0.329310023,0.651252586,0.825617291
3.461538462,0.028696073,0.31818177,0.644164204,0.822070721
3.538461538,0.026547283,0.307222906,0.637044862,0.818508143
3.615384615,0.024555329,0.296443384,0.629896226,0.814930295
3.692307692,0.022709352,0.285852511,0.622719939,0.811337891
3.769230769,0.020999162,0.275458908,0.615517623,0.807731621
3.846153846,0.019415204,0.265270491,0.608290882,0.80411215
3.923076923,0.017948532,0.255294448,0.601041305,0.800480118
4,0.016590782,0.245537227,0.593770466,0.796836142
4.076923077,0.015334138,0.236004524,0.586479932,0.793180817
4.153846154,0.014171304,0.226701284,0.57917126,0.789514711
4.230769231,0.013095479,0.217631703,0.571846005,0.785838372
4.307692308,0.012100324,0.208799234,0.564505722,0.782152325
4.384615385,0.011179936,0.2002066,0.557151966,0.778457071
4.461538462,0.010328824,0.191855811,0.549786299,0.774753092
4.538461538,0.00954188,0.183748187,0.542410292,0.771040848
4.615384615,0.008814359,0.175884377,0.535025526,0.767320779
4.692307692,0.008141852,0.168264395,0.527633599,0.763593303
4.769230769,0.007520265,0.16088764,0.520236123,0.759858822
4.846153846,0.006945801,0.153752939,0.512834731,0.756117718
4.923076923,0.006414936,0.146858574,0.50543108,0.752370353
5,0.005924403,0.140202319,0.498026848,0.748617074
5.076923077,0.005471173,0.133781481,0.490623742,0.744858212
5.153846154,0.00505244,0.127592931,0.483223496,0.741094078
5.230769231,0.004665604,0.121633146,0.475827873,0.73732497
5.307692308,0.004308258,0.115898246,0.468438667,0.733551172
5.384615385,0.003978172,0.110384027,0.461057705,0.729772951
5.461538462,0.003673283,0.105086004,0.453686845,0.725990562
5.538461538,0.003391681,0.099999439,0.446327977,0.722204246
5.615384615,0.003131599,0.095119379,0.438983027,0.718414232
5.692307692,0.002891404,0.090440691,0.431653948,0.714620735
5.769230769,0.002669582,0.085958087,0.424342731,0.710823961
5.846153846,0.002464735,0.08166616,0.417051392,0.707024103
5.923076923,0.002275572,0.077559407,0.409781981,0.703221345
6,0.002100896,0.073632259,0.402536573,0.699415859
6.076923077,0.001939602,0.069879106,0.395317272,0.69560781
6.153846154,0.001790669,0.066294315,0.388126205,0.691797352
6.230769231,0.001653153,0.062872256,0.380965519,0.68798463
6.307692308,0.001526181,0.059607318,0.373837382,0.684169783
6.384615385,0.001408948,0.056493929,0.366743978,0.68035294
6.461538462,0.001300708,0.05352657,0.359687502,0.676534224
6.538461538,0.001200774,0.050699791,0.35267016,0.67271375
6.615384615,0.001108509,0.04800822,0.345694164,0.668891627
6.692307692,0.001023326,0.04544658,0.338761725,0.665067957
6.769230769,0.000944683,0.043009693,0.331875055,0.661242837
6.846153846,0.000872079,0.040692492,0.325036358,0.657416358
6.923076923,0.00080505,0.038490025,0.318247828,0.653588606
7,0.000743169,0.036397466,0.311511644,0.64975966
7.076923077,0.000686041,0.034410114,0.304829963,0.645929598
7.153846154,0.000633302,0.032523402,0.298204923,0.642098491
7.230769231,0.000584615,0.030732898,0.291638628,0.638266405
7.307692308,0.000539669,0.029034303,0.285133153,0.634433405
7.384615385,0.000498177,0.027423461,0.278690533,0.630599551
7.461538462,0.000459873,0.025896353,0.272312761,0.626764897
7.538461538,0.000424513,0.024449097,0.266001784,0.622929499
7.615384615,0.000391871,0.023077953,0.259759498,0.619093405
7.692307692,0.000361738,0.021779316,0.253587745,0.615256664
7.769230769,0.000333921,0.020549717,0.247488306,0.611419319
7.846153846,0.000308243,0.019385822,0.241462899,0.607581415
7.923076923,0.000284539,0.018284428,0.235513177,0.603742989
8,0.000262657,0.017242462,0.229640721,0.599904082
8.076923077,0.000242458,0.016256977,0.223847039,0.596064729
8.153846154,0.000223811,0.01532515,0.218133564,0.592224965
8.230769231,0.000206598,0.014444278,0.212501646,0.588384824
8.307692308,0.000190709,0.013611777,0.206952556,0.584544337
8.384615385,0.000176042,0.012825174,0.20148748,0.580703534
8.461538462,0.000162502,0.012082109,0.196107517,0.576862447
8.538461538,0.000150004,0.011380328,0.190813678,0.573021102
8.615384615,0.000138467,0.01071768,0.185606884,0.56917953
8.692307692,0.000127817,0.010092115,0.180487968,0.565337757
8.769230769,0.000117986,0.009501678,0.175457667,0.561495811
8.846153846,0.000108911,0.008944508,0.17051663,0.557653718
8.923076923,0.000100534,0.008418834,0.165665411,0.553811506
9,9.28E-05,0.007922967,0.160904473,0.549969202
9.076923077,8.57E-05,0.007455305,0.156234184,0.546126832
9.153846154,7.91E-05,0.007014323,0.151654824,0.542284424
9.230769231,7.30E-05,0.006598572,0.147166579,0.538442007
9.307692308,6.74E-05,0.006206676,0.142769548,0.534599608
9.384615385,6.22E-05,0.005837327,0.138463739,0.530757258
9.461538462,5.74E-05,0.005489287,0.134249073,0.526914987
9.538461538,5.30E-05,0.005161377,0.130125389,0.523072827
9.615384615,4.89E-05,0.004852482,0.126092437,0.519230809
9.692307692,4.52E-05,0.004561545,0.122149892,0.51538897
9.769230769,4.17E-05,0.004287561,0.118297345,0.511547344
9.846153846,3.85E-05,0.004029582,0.114534313,0.50770597
9.923076923,3.55E-05,0.003786707,0.110860239,0.503864886
10,3.28E-05,0.003558084,0.107274494,0.500024136
10.07692308,3.03E-05,0.003342906,0.103776382,0.496183762
10.15384615,2.79E-05,0.003140411,0.100365141,0.492343812
10.23076923,2.58E-05,0.002949876,0.097039946,0.488504334
10.30769231,2.38E-05,0.002770618,0.093799915,0.484665381
10.38461538,2.20E-05,0.002601991,0.090644109,0.480827007
10.46153846,2.03E-05,0.002443385,0.087571535,0.47698927
10.53846154,1.87E-05,0.002294222,0.084581153,0.473152233
10.61538462,1.73E-05,0.002153958,0.081671874,0.46931596
10.69230769,1.60E-05,0.002022076,0.078842568,0.465480519
10.76923077,1.47E-05,0.001898092,0.076092065,0.461645983
10.84615385,1.36E-05,0.001781544,0.073419159,0.45781243
10.92307692,1.25E-05,0.001672,0.070822608,0.453979939
11,1.16E-05,0.001569051,0.068301144,0.450148596
11.07692308,1.07E-05,0.001472309,0.065853468,0.446318492
11.15384615,9.87E-06,0.00138141,0.06347826,0.442489721
11.23076923,9.11E-06,0.001296011,0.061174176,0.438662383
11.30769231,8.41E-06,0.001215787,0.058939856,0.434836584
11.38461538,7.76E-06,0.001140432,0.056773924,0.431012433
11.46153846,7.16E-06,0.001069658,0.054674992,0.427190046
11.53846154,6.61E-06,0.001003194,0.052641661,0.423369546
11.61538462,6.10E-06,0.000940782,0.050672524,0.41955106
11.69230769,5.64E-06,0.000882182,0.04876617,0.415734721
11.76923077,5.20E-06,0.000827166,0.046921185,0.41192067
11.84615385,4.80E-06,0.000775519,0.045136155,0.408109052
11.92307692,4.43E-06,0.000727041,0.043409667,0.40430002
12,4.09E-06,0.00068154,0.041740311,0.400493733
12.07692308,3.78E-06,0.000638838,0.040126685,0.396690359
12.15384615,3.49E-06,0.000598766,0.038567391,0.392890069
12.23076923,3.22E-06,0.000561166,0.037061042,0.389093045
12.30769231,2.97E-06,0.000525888,0.035606263,0.385299472
12.38461538,2.74E-06,0.000492792,0.034201687,0.381509547
12.46153846,2.53E-06,0.000461745,0.032845966,0.37772347
12.53846154,2.34E-06,0.000432622,0.031537762,0.373941451
12.61538462,2.16E-06,0.000405308,0.030275756,0.370163708
12.69230769,1.99E-06,0.000379692,0.029058644,0.366390464
12.76923077,1.84E-06,0.00035567,0.027885143,0.362621952
12.84615385,1.70E-06,0.000333145,0.026753985,0.358858412
12.92307692,1.57E-06,0.000312025,0.025663927,0.35510009
13,1.45E-06,0.000292224,0.024613741,0.351347244
13.07692308,1.33E-06,0.000273661,0.023602225,0.347600135
13.15384615,1.23E-06,0.00025626,0.022628195,0.343859034
13.23076923,1.14E-06,0.00023995,0.021690493,0.340124221
13.30769231,1.05E-06,0.000224664,0.02078798,0.336395981
13.38461538,9.69E-07,0.000210338,0.019919543,0.332674608
13.46153846,8.94E-07,0.000196912,0.019084092,0.328960404
13.53846154,8.25E-07,0.000184332,0.018280559,0.325253678
13.61538462,7.62E-07,0.000172545,0.017507901,0.321554745
13.69230769,7.03E-07,0.000161502,0.016765099,0.317863931
13.76923077,6.49E-07,0.000151155,0.016051158,0.314181565
13.84615385,5.99E-07,0.000141464,0.015365107,0.310507985
13.92307692,5.53E-07,0.000132385,0.014705999,0.306843537
14,5.11E-07,0.000123882,0.01407291,0.303188572
14.07692308,4.71E-07,0.000115918,0.013464941,0.299543448
14.15384615,4.35E-07,0.000108459,0.012881217,0.29590853
14.23076923,4.02E-07,0.000101475,0.012320885,0.292284187
14.30769231,3.71E-07,9.49E-05,0.011783117,0.288670797
14.38461538,3.42E-07,8.88E-05,0.011267108,0.285068742
14.46153846,3.16E-07,8.31E-05,0.010772073,0.281478408
14.53846154,2.92E-07,7.77E-05,0.010297254,0.277900189
14.61538462,2.69E-07,7.27E-05,0.009841911,0.274334482
14.69230769,2.48E-07,6.80E-05,0.009405329,0.27078169
14.76923077,2.29E-07,6.36E-05,0.008986813,0.267242217
14.84615385,2.12E-07,5.95E-05,0.00858569,0.263716475
14.92307692,1.95E-07,5.56E-05,0.008201306,0.260204877
15,1.80E-07,5.20E-05,0.00783303,0.25670784
15.07692308,1.66E-07,4.86E-05,0.00748025,0.253225783
15.15384615,1.54E-07,4.55E-05,0.007142373,0.249759129
15.23076923,1.42E-07,4.25E-05,0.006818826,0.246308302
15.30769231,1.31E-07,3.97E-05,0.006509053,0.242873728
15.38461538,1.21E-07,3.71E-05,0.00621252,0.239455834
15.46153846,1.12E-07,3.47E-05,0.005928708,0.236055047
15.53846154,1.03E-07,3.25E-05,0.005657116,0.232671798
15.61538462,9.51E-08,3.03E-05,0.005397261,0.229306513
15.69230769,8.78E-08,2.83E-05,0.005148676,0.225959621
15.76923077,8.10E-08,2.65E-05,0.00491091,0.222631549
15.84615385,7.48E-08,2.48E-05,0.004683528,0.219322724
15.92307692,6.90E-08,2.31E-05,0.004466112,0.216033569
16,6.37E-08,2.16E-05,0.004258256,0.212764507
16.07692308,5.88E-08,2.02E-05,0.00405957,0.209515957
16.15384615,5.43E-08,1.89E-05,0.00386968,0.206288335
16.23076923,5.01E-08,1.76E-05,0.003688222,0.203082054
16.30769231,4.63E-08,1.65E-05,0.003514849,0.199897522
16.38461538,4.27E-08,1.54E-05,0.003349223,0.196735145
16.46153846,3.94E-08,1.44E-05,0.003191023,0.193595322
16.53846154,3.64E-08,1.34E-05,0.003039937,0.190478447
16.61538462,3.36E-08,1.26E-05,0.002895666,0.187384908
16.69230769,3.10E-08,1.17E-05,0.002757921,0.184315087
16.76923077,2.86E-08,1.09E-05,0.002626427,0.18126936
16.84615385,2.64E-08,1.02E-05,0.002500916,0.178248097
16.92307692,2.44E-08,9.55E-06,0.002381133,0.175251657
17,2.25E-08,8.92E-06,0.002266833,0.172280394
17.07692308,2.08E-08,8.33E-06,0.002157778,0.169334654
17.15384615,1.92E-08,7.78E-06,0.002053742,0.166414773
17.23076923,1.77E-08,7.26E-06,0.001954507,0.163521078
17.30769231,1.63E-08,6.78E-06,0.001859864,0.160653888
17.38461538,1.51E-08,6.33E-06,0.001769613,0.157813511
17.46153846,1.39E-08,5.91E-06,0.00168356,0.155000245
17.53846154,1.29E-08,5.52E-06,0.00160152,0.152214379
17.61538462,1.19E-08,5.15E-06,0.001523317,0.149456191
17.69230769,1.10E-08,4.81E-06,0.001448781,0.146725947
17.76923077,1.01E-08,4.49E-06,0.001377747,0.144023902
17.84615385,9.33E-09,4.19E-06,0.001310061,0.141350301
17.92307692,8.61E-09,3.91E-06,0.001245571,0.138705375
18,7.95E-09,3.65E-06,0.001184135,0.136089346
18.07692308,7.34E-09,3.41E-06,0.001125615,0.133502422
18.15384615,6.77E-09,3.18E-06,0.001069879,0.130944798
18.23076923,6.25E-09,2.97E-06,0.001016801,0.128416659
18.30769231,5.77E-09,2.77E-06,0.000966261,0.125918175
18.38461538,5.33E-09,2.59E-06,0.000918141,0.123449505
18.46153846,4.92E-09,2.41E-06,0.000872333,0.121010794
18.53846154,4.54E-09,2.25E-06,0.000828729,0.118602174
18.61538462,4.19E-09,2.10E-06,0.000787229,0.116223765
18.69230769,3.87E-09,1.96E-06,0.000747735,0.113875674
18.76923077,3.57E-09,1.83E-06,0.000710154,0.111557993
18.84615385,3.30E-09,1.71E-06,0.000674398,0.109270803
18.92307692,3.04E-09,1.59E-06,0.000640382,0.10701417
19,2.81E-09,1.49E-06,0.000608025,0.104788148
19.07692308,2.59E-09,1.39E-06,0.000577249,0.102592779
19.15384615,2.39E-09,1.29E-06,0.000547981,0.100428089
19.23076923,2.21E-09,1.21E-06,0.000520148,0.098294094
19.30769231,2.04E-09,1.12E-06,0.000493684,0.096190794
19.38461538,1.88E-09,1.05E-06,0.000468524,0.09411818
19.46153846,1.74E-09,9.79E-07,0.000444606,0.092076227
19.53846154,1.60E-09,9.13E-07,0.000421872,0.090064898
19.61538462,1.48E-09,8.51E-07,0.000400264,0.088084146
19.69230769,1.37E-09,7.94E-07,0.00037973,0.086133909
19.76923077,1.26E-09,7.40E-07,0.000360217,0.084214114
19.84615385,1.16E-09,6.90E-07,0.000341677,0.082324675
19.92307692,1.07E-09,6.44E-07,0.000324063,0.080465497
20,9.92E-10,6.00E-07,0.000307331,0.078636471
20.07692308,9.16E-10,5.60E-07,0.000291437,0.076837478
20.15384615,8.45E-10,5.22E-07,0.000276342,0.075068387
20.23076923,7.80E-10,4.87E-07,0.000262007,0.073329057
20.30769231,7.20E-10,4.54E-07,0.000248394,0.071619336
20.38461538,6.65E-10,4.23E-07,0.000235469,0.069939062
20.46153846,6.14E-10,3.95E-07,0.000223198,0.068288063
20.53846154,5.67E-10,3.68E-07,0.000211549,0.066666157
20.61538462,5.23E-10,3.43E-07,0.000200491,0.065073153
20.69230769,4.83E-10,3.20E-07,0.000189996,0.06350885
20.76923077,4.46E-10,2.98E-07,0.000180036,0.06197304
20.84615385,4.11E-10,2.78E-07,0.000170584,0.060465504
20.92307692,3.80E-10,2.59E-07,0.000161615,0.058986017
21,3.51E-10,2.41E-07,0.000153105,0.057534345
21.07692308,3.24E-10,2.25E-07,0.000145033,0.056110246
21.15384615,2.99E-10,2.10E-07,0.000137374,0.054713472
21.23076923,2.76E-10,1.95E-07,0.000130111,0.053343767
21.30769231,2.54E-10,1.82E-07,0.000123221,0.052000868
21.38461538,2.35E-10,1.70E-07,0.000116687,0.050684506
21.46153846,2.17E-10,1.58E-07,0.000110492,0.049394408
21.53846154,2.00E-10,1.47E-07,0.000104617,0.048130293
21.61538462,1.85E-10,1.37E-07,9.90E-05,0.046891875
21.69230769,1.71E-10,1.28E-07,9.38E-05,0.045678863
21.76923077,1.57E-10,1.19E-07,8.88E-05,0.044490962
21.84615385,1.45E-10,1.11E-07,8.40E-05,0.043327872
21.92307692,1.34E-10,1.04E-07,7.95E-05,0.04218929
22,1.24E-10,9.65E-08,7.53E-05,0.041074907
22.07692308,1.14E-10,8.99E-08,7.12E-05,0.039984412
22.15384615,1.06E-10,8.38E-08,6.74E-05,0.038917491
22.23076923,9.74E-11,7.80E-08,6.38E-05,0.037873828
22.30769231,8.99E-11,7.27E-08,6.03E-05,0.036853101
22.38461538,8.30E-11,6.77E-08,5.71E-05,0.03585499
22.46153846,7.66E-11,6.31E-08,5.40E-05,0.03487917
22.53846154,7.07E-11,5.88E-08,5.11E-05,0.033925316
22.61538462,6.53E-11,5.48E-08,4.83E-05,0.032993099
22.69230769,6.02E-11,5.10E-08,4.57E-05,0.032082193
22.76923077,5.56E-11,4.75E-08,4.32E-05,0.031192268
22.84615385,5.13E-11,4.43E-08,4.09E-05,0.030322994
22.92307692,4.74E-11,4.12E-08,3.86E-05,0.02947404
23,4.37E-11,3.84E-08,3.65E-05,0.028645076
23.07692308,4.04E-11,3.58E-08,3.45E-05,0.027835772
23.15384615,3.73E-11,3.33E-08,3.27E-05,0.027045798
23.23076923,3.44E-11,3.10E-08,3.09E-05,0.026274824
23.30769231,3.18E-11,2.89E-08,2.92E-05,0.02552252
23.38461538,2.93E-11,2.69E-08,2.76E-05,0.02478856
23.46153846,2.71E-11,2.51E-08,2.61E-05,0.024072617
23.53846154,2.50E-11,2.33E-08,2.46E-05,0.023374364
23.61538462,2.31E-11,2.17E-08,2.33E-05,0.022693478
23.69230769,2.13E-11,2.02E-08,2.20E-05,0.022029637
23.76923077,1.96E-11,1.88E-08,2.08E-05,0.02138252
23.84615385,1.81E-11,1.75E-08,1.96E-05,0.020751808
23.92307692,1.67E-11,1.63E-08,1.86E-05,0.020137186
24,1.55E-11,1.52E-08,1.75E-05,0.019538339
24.07692308,1.43E-11,1.42E-08,1.66E-05,0.018954956
24.15384615,1.32E-11,1.32E-08,1.56E-05,0.018386728
24.23076923,1.22E-11,1.23E-08,1.48E-05,0.017833349
24.30769231,1.12E-11,1.14E-08,1.40E-05,0.017294515
24.38461538,1.04E-11,1.06E-08,1.32E-05,0.016769926
24.46153846,9.56E-12,9.91E-09,1.24E-05,0.016259285
24.53846154,8.82E-12,9.22E-09,1.18E-05,0.015762297
24.61538462,8.14E-12,8.59E-09,1.11E-05,0.015278671
24.69230769,7.52E-12,7.99E-09,1.05E-05,0.01480812
24.76923077,6.94E-12,7.44E-09,9.89E-06,0.014350359
24.84615385,6.41E-12,6.93E-09,9.34E-06,0.013905108
24.92307692,5.91E-12,6.45E-09,8.82E-06,0.013472089
25,5.46E-12,6.00E-09,8.32E-06,0.01305103
25.07692308,5.04E-12,5.59E-09,7.85E-06,0.012641659
25.15384615,4.65E-12,5.20E-09,7.41E-06,0.012243711
25.23076923,4.29E-12,4.84E-09,7.00E-06,0.011856923
25.30769231,3.96E-12,4.50E-09,6.60E-06,0.011481038
25.38461538,3.66E-12,4.19E-09,6.23E-06,0.011115799
25.46153846,3.38E-12,3.90E-09,5.88E-06,0.010760956
25.53846154,3.12E-12,3.63E-09,5.55E-06,0.010416262
25.61538462,2.88E-12,3.38E-09,5.23E-06,0.010081474
25.69230769,2.66E-12,3.14E-09,4.94E-06,0.009756354
25.76923077,2.45E-12,2.93E-09,4.66E-06,0.009440665
25.84615385,2.26E-12,2.72E-09,4.39E-06,0.009134177
25.92307692,2.09E-12,2.53E-09,4.15E-06,0.008836662
26,1.93E-12,2.36E-09,3.91E-06,0.008547897
26.07692308,1.78E-12,2.19E-09,3.69E-06,0.008267663
26.15384615,1.64E-12,2.04E-09,3.48E-06,0.007995745
26.23076923,1.52E-12,1.90E-09,3.28E-06,0.007731932
26.30769231,1.40E-12,1.77E-09,3.09E-06,0.007476015
26.38461538,1.29E-12,1.64E-09,2.92E-06,0.007227791
26.46153846,1.19E-12,1.53E-09,2.75E-06,0.006987062
26.53846154,1.10E-12,1.42E-09,2.59E-06,0.00675363
26.61538462,1.02E-12,1.32E-09,2.44E-06,0.006527306
26.69230769,9.38E-13,1.23E-09,2.31E-06,0.006307899
26.76923077,8.66E-13,1.15E-09,2.17E-06,0.006095227
26.84615385,7.99E-13,1.07E-09,2.05E-06,0.00588911
26.92307692,7.38E-13,9.93E-10,1.93E-06,0.005689369
27,6.81E-13,9.23E-10,1.82E-06,0.005495834
27.07692308,6.29E-13,8.59E-10,1.72E-06,0.005308334
27.15384615,5.80E-13,7.99E-10,1.62E-06,0.005126703
27.23076923,5.36E-13,7.43E-10,1.52E-06,0.004950781
27.30769231,4.95E-13,6.91E-10,1.44E-06,0.004780409
27.38461538,4.57E-13,6.43E-10,1.35E-06,0.004615431
27.46153846,4.21E-13,5.98E-10,1.27E-06,0.004455697
27.53846154,3.89E-13,5.57E-10,1.20E-06,0.004301059
27.61538462,3.59E-13,5.18E-10,1.13E-06,0.004151372
27.69230769,3.31E-13,4.81E-10,1.07E-06,0.004006495
27.76923077,3.06E-13,4.48E-10,1.00E-06,0.00386629
27.84615385,2.82E-13,4.17E-10,9.46E-07,0.003730623
27.92307692,2.61E-13,3.87E-10,8.91E-07,0.003599362
28,2.41E-13,3.60E-10,8.40E-07,0.00347238
28.07692308,2.22E-13,3.35E-10,7.91E-07,0.00334955
28.15384615,2.05E-13,3.12E-10,7.45E-07,0.003230752
28.23076923,1.89E-13,2.90E-10,7.01E-07,0.003115865
28.30769231,1.75E-13,2.70E-10,6.61E-07,0.003004774
28.38461538,1.61E-13,2.51E-10,6.22E-07,0.002897366
28.46153846,1.49E-13,2.33E-10,5.86E-07,0.002793531
28.53846154,1.37E-13,2.17E-10,5.52E-07,0.002693161
28.61538462,1.27E-13,2.02E-10,5.19E-07,0.00259615
28.69230769,1.17E-13,1.87E-10,4.89E-07,0.002502398
28.76923077,1.08E-13,1.74E-10,4.60E-07,0.002411806
28.84615385,9.98E-14,1.62E-10,4.33E-07,0.002324275
28.92307692,9.21E-14,1.51E-10,4.08E-07,0.002239712
29,8.50E-14,1.40E-10,3.84E-07,0.002158025
29.07692308,7.85E-14,1.30E-10,3.62E-07,0.002079126
29.15384615,7.24E-14,1.21E-10,3.40E-07,0.002002927
29.23076923,6.69E-14,1.13E-10,3.20E-07,0.001929343
29.30769231,6.17E-14,1.05E-10,3.01E-07,0.001858293
29.38461538,5.70E-14,9.74E-11,2.84E-07,0.001789697
29.46153846,5.26E-14,9.06E-11,2.67E-07,0.001723477
29.53846154,4.85E-14,8.42E-11,2.51E-07,0.001659557
29.61538462,4.48E-14,7.83E-11,2.36E-07,0.001597864
29.69230769,4.14E-14,7.28E-11,2.23E-07,0.001538327
29.76923077,3.82E-14,6.77E-11,2.09E-07,0.001480876
29.84615385,3.52E-14,6.29E-11,1.97E-07,0.001425444
29.92307692,3.25E-14,5.85E-11,1.85E-07,0.001371966
30,3.00E-14,5.44E-11,1.74E-07,0.001320378
30.07692308,2.77E-14,5.05E-11,1.64E-07,0.001270618
30.15384615,2.56E-14,4.70E-11,1.54E-07,0.001222626
30.23076923,2.36E-14,4.37E-11,1.45E-07,0.001176344
30.30769231,2.18E-14,4.06E-11,1.37E-07,0.001131716
30.38461538,2.01E-14,3.77E-11,1.28E-07,0.001088688
30.46153846,1.86E-14,3.51E-11,1.21E-07,0.001047204
30.53846154,1.71E-14,3.26E-11,1.14E-07,0.001007216
30.61538462,1.58E-14,3.03E-11,1.07E-07,0.000968671
30.69230769,1.46E-14,2.82E-11,1.00E-07,0.000931522
30.76923077,1.35E-14,2.62E-11,9.45E-08,0.000895722
30.84615385,1.24E-14,2.43E-11,8.88E-08,0.000861225
30.92307692,1.15E-14,2.26E-11,8.35E-08,0.000827987
31,1.06E-14,2.10E-11,7.86E-08,0.000795965
31.07692308,9.79E-15,1.95E-11,7.39E-08,0.000765118
31.15384615,9.04E-15,1.82E-11,6.94E-08,0.000735404
31.23076923,8.34E-15,1.69E-11,6.53E-08,0.000706786
31.30769231,7.70E-15,1.57E-11,6.14E-08,0.000679226
31.38461538,7.11E-15,1.46E-11,5.77E-08,0.000652687
31.46153846,6.56E-15,1.36E-11,5.42E-08,0.000627133
31.53846154,6.06E-15,1.26E-11,5.10E-08,0.00060253
31.61538462,5.59E-15,1.17E-11,4.79E-08,0.000578845
31.69230769,5.16E-15,1.09E-11,4.50E-08,0.000556047
31.76923077,4.76E-15,1.01E-11,4.23E-08,0.000534103
31.84615385,4.40E-15,9.39E-12,3.98E-08,0.000512984
31.92307692,4.06E-15,8.73E-12,3.74E-08,0.00049266
32,3.75E-15,8.11E-12,3.51E-08,0.000473104
32.07692308,3.46E-15,7.54E-12,3.30E-08,0.000454288
32.15384615,3.19E-15,7.00E-12,3.10E-08,0.000436186
32.23076923,2.95E-15,6.51E-12,2.92E-08,0.000418771
32.30769231,2.72E-15,6.05E-12,2.74E-08,0.000402021
32.38461538,2.51E-15,5.62E-12,2.57E-08,0.00038591
32.46153846,2.32E-15,5.22E-12,2.42E-08,0.000370416
32.53846154,2.14E-15,4.85E-12,2.27E-08,0.000355516
32.61538462,1.98E-15,4.51E-12,2.14E-08,0.000341189
32.69230769,1.82E-15,4.19E-12,2.01E-08,0.000327414
32.76923077,1.68E-15,3.89E-12,1.88E-08,0.000314171
32.84615385,1.55E-15,3.62E-12,1.77E-08,0.000301441
32.92307692,1.43E-15,3.36E-12,1.66E-08,0.000289204
33,1.32E-15,3.12E-12,1.56E-08,0.000277443
33.07692308,1.22E-15,2.90E-12,1.47E-08,0.00026614
33.15384615,1.13E-15,2.69E-12,1.38E-08,0.000255278
33.23076923,1.04E-15,2.50E-12,1.29E-08,0.000244841
33.30769231,9.61E-16,2.33E-12,1.22E-08,0.000234813
33.38461538,8.87E-16,2.16E-12,1.14E-08,0.000225179
33.46153846,8.19E-16,2.01E-12,1.07E-08,0.000215924
33.53846154,7.56E-16,1.86E-12,1.01E-08,0.000207034
33.61538462,6.98E-16,1.73E-12,9.45E-09,0.000198495
33.69230769,6.44E-16,1.61E-12,8.88E-09,0.000190294
33.76923077,5.95E-16,1.49E-12,8.34E-09,0.000182419
33.84615385,5.49E-16,1.39E-12,7.83E-09,0.000174857
33.92307692,5.07E-16,1.29E-12,7.35E-09,0.000167596
34,4.68E-16,1.20E-12,6.90E-09,0.000160625
34.07692308,4.32E-16,1.11E-12,6.48E-09,0.000153932
34.15384615,3.98E-16,1.03E-12,6.08E-09,0.000147508
34.23076923,3.68E-16,9.60E-13,5.71E-09,0.000141342
34.30769231,3.40E-16,8.92E-13,5.36E-09,0.000135424
34.38461538,3.13E-16,8.29E-13,5.03E-09,0.000129744
34.46153846,2.89E-16,7.70E-13,4.72E-09,0.000124294
34.53846154,2.67E-16,7.15E-13,4.43E-09,0.000119064
34.61538462,2.46E-16,6.64E-13,4.16E-09,0.000114046
34.69230769,2.28E-16,6.17E-13,3.90E-09,0.000109232
34.76923077,2.10E-16,5.73E-13,3.66E-09,0.000104614
34.84615385,1.94E-16,5.32E-13,3.44E-09,0.000100184
34.92307692,1.79E-16,4.94E-13,3.23E-09,9.59E-05
35,1.65E-16,4.59E-13,3.03E-09,9.19E-05
35.07692308,1.52E-16,4.26E-13,2.84E-09,8.80E-05
35.15384615,1.41E-16,3.96E-13,2.67E-09,8.42E-05
35.23076923,1.30E-16,3.68E-13,2.50E-09,8.06E-05
35.30769231,1.20E-16,3.41E-13,2.35E-09,7.72E-05
35.38461538,1.11E-16,3.17E-13,2.20E-09,7.39E-05
35.46153846,1.02E-16,2.95E-13,2.07E-09,7.07E-05
35.53846154,9.43E-17,2.74E-13,1.94E-09,6.77E-05
35.61538462,8.71E-17,2.54E-13,1.82E-09,6.47E-05
35.69230769,8.04E-17,2.36E-13,1.71E-09,6.20E-05
35.76923077,7.42E-17,2.19E-13,1.60E-09,5.93E-05
35.84615385,6.85E-17,2.03E-13,1.50E-09,5.67E-05
35.92307692,6.32E-17,1.89E-13,1.41E-09,5.43E-05
36,5.84E-17,1.75E-13,1.32E-09,5.19E-05
36.07692308,5.39E-17,1.63E-13,1.24E-09,4.97E-05
36.15384615,4.97E-17,1.51E-13,1.16E-09,4.75E-05
36.23076923,4.59E-17,1.40E-13,1.09E-09,4.54E-05
36.30769231,4.24E-17,1.30E-13,1.02E-09,4.35E-05
36.38461538,3.91E-17,1.21E-13,9.60E-10,4.16E-05
36.46153846,3.61E-17,1.12E-13,9.00E-10,3.97E-05
36.53846154,3.33E-17,1.04E-13,8.44E-10,3.80E-05
36.61538462,3.08E-17,9.70E-14,7.92E-10,3.63E-05
36.69230769,2.84E-17,9.00E-14,7.43E-10,3.47E-05
36.76923077,2.62E-17,8.36E-14,6.96E-10,3.32E-05
36.84615385,2.42E-17,7.76E-14,6.53E-10,3.18E-05
36.92307692,2.23E-17,7.21E-14,6.12E-10,3.04E-05
37,2.06E-17,6.69E-14,5.74E-10,2.90E-05
37.07692308,1.90E-17,6.21E-14,5.38E-10,2.77E-05
37.15384615,1.76E-17,5.77E-14,5.05E-10,2.65E-05
37.23076923,1.62E-17,5.36E-14,4.73E-10,2.53E-05
37.30769231,1.50E-17,4.97E-14,4.44E-10,2.42E-05
37.38461538,1.38E-17,4.62E-14,4.16E-10,2.31E-05
37.46153846,1.28E-17,4.29E-14,3.90E-10,2.21E-05
37.53846154,1.18E-17,3.98E-14,3.66E-10,2.11E-05
37.61538462,1.09E-17,3.69E-14,3.43E-10,2.02E-05
37.69230769,1.00E-17,3.43E-14,3.21E-10,1.93E-05
37.76923077,9.26E-18,3.18E-14,3.01E-10,1.84E-05
37.84615385,8.55E-18,2.96E-14,2.82E-10,1.76E-05
37.92307692,7.89E-18,2.74E-14,2.65E-10,1.68E-05
38,7.28E-18,2.55E-14,2.48E-10,1.60E-05
38.07692308,6.72E-18,2.37E-14,2.33E-10,1.53E-05
38.15384615,6.21E-18,2.20E-14,2.18E-10,1.46E-05
38.23076923,5.73E-18,2.04E-14,2.04E-10,1.40E-05
38.30769231,5.29E-18,1.89E-14,1.91E-10,1.33E-05
38.38461538,4.88E-18,1.76E-14,1.79E-10,1.27E-05
38.46153846,4.51E-18,1.63E-14,1.68E-10,1.22E-05
38.53846154,4.16E-18,1.51E-14,1.58E-10,1.16E-05
38.61538462,3.84E-18,1.41E-14,1.48E-10,1.11E-05
38.69230769,3.54E-18,1.30E-14,1.38E-10,1.06E-05
38.76923077,3.27E-18,1.21E-14,1.30E-10,1.01E-05
38.84615385,3.02E-18,1.12E-14,1.21E-10,9.64E-06
38.92307692,2.79E-18,1.04E-14,1.14E-10,9.20E-06
39,2.57E-18,9.68E-15,1.07E-10,8.78E-06
39.07692308,2.37E-18,8.99E-15,9.99E-11,8.38E-06
39.15384615,2.19E-18,8.34E-15,9.36E-11,8.00E-06
39.23076923,2.02E-18,7.74E-15,8.77E-11,7.63E-06
39.30769231,1.87E-18,7.19E-15,8.22E-11,7.28E-06
39.38461538,1.72E-18,6.67E-15,7.70E-11,6.95E-06
39.46153846,1.59E-18,6.19E-15,7.21E-11,6.63E-06
39.53846154,1.47E-18,5.75E-15,6.76E-11,6.32E-06
39.61538462,1.36E-18,5.33E-15,6.33E-11,6.03E-06
39.69230769,1.25E-18,4.95E-15,5.93E-11,5.75E-06
39.76923077,1.16E-18,4.60E-15,5.55E-11,5.49E-06
39.84615385,1.07E-18,4.27E-15,5.20E-11,5.23E-06
39.92307692,9.85E-19,3.96E-15,4.87E-11,4.99E-06
40,9.09E-19,3.67E-15,4.56E-11,4.76E-06
40.07692308,8.39E-19,3.41E-15,4.27E-11,4.54E-06
40.15384615,7.74E-19,3.16E-15,4.00E-11,4.33E-06
40.23076923,7.15E-19,2.94E-15,3.75E-11,4.13E-06
40.30769231,6.60E-19,2.73E-15,3.51E-11,3.93E-06
40.38461538,6.09E-19,2.53E-15,3.29E-11,3.75E-06
40.46153846,5.62E-19,2.35E-15,3.08E-11,3.57E-06
40.53846154,5.19E-19,2.18E-15,2.88E-11,3.41E-06
40.61538462,4.79E-19,2.02E-15,2.70E-11,3.25E-06
40.69230769,4.42E-19,1.88E-15,2.53E-11,3.10E-06
40.76923077,4.08E-19,1.74E-15,2.37E-11,2.95E-06
40.84615385,3.77E-19,1.62E-15,2.22E-11,2.81E-06
40.92307692,3.48E-19,1.50E-15,2.08E-11,2.68E-06
41,3.21E-19,1.39E-15,1.94E-11,2.55E-06
41.07692308,2.96E-19,1.29E-15,1.82E-11,2.43E-06
41.15384615,2.74E-19,1.20E-15,1.70E-11,2.32E-06
41.23076923,2.53E-19,1.11E-15,1.60E-11,2.21E-06
41.30769231,2.33E-19,1.03E-15,1.49E-11,2.11E-06
41.38461538,2.15E-19,9.58E-16,1.40E-11,2.01E-06
41.46153846,1.99E-19,8.89E-16,1.31E-11,1.91E-06
41.53846154,1.83E-19,8.25E-16,1.23E-11,1.82E-06
41.61538462,1.69E-19,7.65E-16,1.15E-11,1.73E-06
41.69230769,1.56E-19,7.10E-16,1.07E-11,1.65E-06
41.76923077,1.44E-19,6.59E-16,1.01E-11,1.57E-06
41.84615385,1.33E-19,6.11E-16,9.41E-12,1.50E-06
41.92307692,1.23E-19,5.67E-16,8.81E-12,1.43E-06
42,1.13E-19,5.26E-16,8.25E-12,1.36E-06
42.07692308,1.05E-19,4.88E-16,7.72E-12,1.29E-06
42.15384615,9.66E-20,4.53E-16,7.23E-12,1.23E-06
42.23076923,8.92E-20,4.20E-16,6.76E-12,1.17E-06
42.30769231,8.23E-20,3.90E-16,6.33E-12,1.12E-06
42.38461538,7.60E-20,3.62E-16,5.92E-12,1.06E-06
42.46153846,7.02E-20,3.36E-16,5.55E-12,1.01E-06
42.53846154,6.48E-20,3.12E-16,5.19E-12,9.64E-07
42.61538462,5.98E-20,2.89E-16,4.86E-12,9.17E-07
42.69230769,5.52E-20,2.68E-16,4.54E-12,8.73E-07
42.76923077,5.09E-20,2.49E-16,4.25E-12,8.31E-07
42.84615385,4.70E-20,2.31E-16,3.98E-12,7.91E-07
42.92307692,4.34E-20,2.14E-16,3.72E-12,7.53E-07
43,4.01E-20,1.99E-16,3.49E-12,7.16E-07
43.07692308,3.70E-20,1.84E-16,3.26E-12,6.82E-07
43.15384615,3.41E-20,1.71E-16,3.05E-12,6.49E-07
43.23076923,3.15E-20,1.59E-16,2.86E-12,6.17E-07
43.30769231,2.91E-20,1.47E-16,2.67E-12,5.87E-07
43.38461538,2.68E-20,1.37E-16,2.50E-12,5.59E-07
43.46153846,2.48E-20,1.27E-16,2.34E-12,5.32E-07
43.53846154,2.29E-20,1.18E-16,2.19E-12,5.06E-07
43.61538462,2.11E-20,1.09E-16,2.05E-12,4.81E-07
43.69230769,1.95E-20,1.01E-16,1.92E-12,4.58E-07
43.76923077,1.80E-20,9.39E-17,1.79E-12,4.35E-07
43.84615385,1.66E-20,8.71E-17,1.68E-12,4.14E-07
43.92307692,1.53E-20,8.08E-17,1.57E-12,3.94E-07
44,1.42E-20,7.49E-17,1.47E-12,3.75E-07
44.07692308,1.31E-20,6.95E-17,1.37E-12,3.56E-07
44.15384615,1.21E-20,6.45E-17,1.28E-12,3.39E-07
44.23076923,1.11E-20,5.98E-17,1.20E-12,3.22E-07
44.30769231,1.03E-20,5.55E-17,1.12E-12,3.06E-07
44.38461538,9.48E-21,5.15E-17,1.05E-12,2.91E-07
44.46153846,8.76E-21,4.77E-17,9.83E-13,2.77E-07
44.53846154,8.08E-21,4.43E-17,9.19E-13,2.63E-07
44.61538462,7.46E-21,4.11E-17,8.60E-13,2.50E-07
44.69230769,6.89E-21,3.81E-17,8.04E-13,2.38E-07
44.76923077,6.36E-21,3.54E-17,7.52E-13,2.26E-07
44.84615385,5.87E-21,3.28E-17,7.03E-13,2.15E-07
44.92307692,5.42E-21,3.04E-17,6.58E-13,2.04E-07
45,5.00E-21,2.82E-17,6.15E-13,1.94E-07
45.07692308,4.61E-21,2.62E-17,5.75E-13,1.85E-07
45.15384615,4.26E-21,2.43E-17,5.38E-13,1.76E-07
45.23076923,3.93E-21,2.25E-17,5.03E-13,1.67E-07
45.30769231,3.63E-21,2.09E-17,4.70E-13,1.59E-07
45.38461538,3.35E-21,1.94E-17,4.40E-13,1.51E-07
45.46153846,3.09E-21,1.80E-17,4.11E-13,1.43E-07
45.53846154,2.85E-21,1.67E-17,3.85E-13,1.36E-07
45.61538462,2.64E-21,1.55E-17,3.60E-13,1.29E-07
45.69230769,2.43E-21,1.43E-17,3.36E-13,1.23E-07
45.76923077,2.25E-21,1.33E-17,3.14E-13,1.17E-07
45.84615385,2.07E-21,1.23E-17,2.94E-13,1.11E-07
45.92307692,1.91E-21,1.14E-17,2.75E-13,1.05E-07
46,1.77E-21,1.06E-17,2.57E-13,1.00E-07
46.07692308,1.63E-21,9.84E-18,2.40E-13,9.50E-08
46.15384615,1.50E-21,9.13E-18,2.25E-13,9.02E-08
46.23076923,1.39E-21,8.46E-18,2.10E-13,8.57E-08
46.30769231,1.28E-21,7.85E-18,1.96E-13,8.14E-08
46.38461538,1.18E-21,7.28E-18,1.84E-13,7.73E-08
46.46153846,1.09E-21,6.75E-18,1.72E-13,7.34E-08
46.53846154,1.01E-21,6.26E-18,1.60E-13,6.97E-08
46.61538462,9.31E-22,5.81E-18,1.50E-13,6.62E-08
46.69230769,8.59E-22,5.39E-18,1.40E-13,6.29E-08
46.76923077,7.93E-22,5.00E-18,1.31E-13,5.97E-08
46.84615385,7.32E-22,4.63E-18,1.22E-13,5.67E-08
46.92307692,6.76E-22,4.30E-18,1.15E-13,5.38E-08
47,6.24E-22,3.98E-18,1.07E-13,5.11E-08
47.07692308,5.76E-22,3.70E-18,1.00E-13,4.85E-08
47.15384615,5.32E-22,3.43E-18,9.35E-14,4.60E-08
47.23076923,4.91E-22,3.18E-18,8.74E-14,4.37E-08
47.30769231,4.53E-22,2.95E-18,8.17E-14,4.15E-08
47.38461538,4.18E-22,2.73E-18,7.63E-14,3.94E-08
47.46153846,3.86E-22,2.53E-18,7.14E-14,3.74E-08
47.53846154,3.56E-22,2.35E-18,6.67E-14,3.55E-08
47.61538462,3.29E-22,2.18E-18,6.23E-14,3.37E-08
47.69230769,3.04E-22,2.02E-18,5.82E-14,3.20E-08
47.76923077,2.80E-22,1.87E-18,5.44E-14,3.03E-08
47.84615385,2.59E-22,1.74E-18,5.09E-14,2.88E-08
47.92307692,2.39E-22,1.61E-18,4.75E-14,2.73E-08
48,2.20E-22,1.49E-18,4.44E-14,2.59E-08
48.07692308,2.03E-22,1.39E-18,4.15E-14,2.46E-08
48.15384615,1.88E-22,1.29E-18,3.88E-14,2.33E-08
48.23076923,1.73E-22,1.19E-18,3.62E-14,2.21E-08
48.30769231,1.60E-22,1.11E-18,3.39E-14,2.10E-08
48.38461538,1.48E-22,1.02E-18,3.16E-14,1.99E-08
48.46153846,1.36E-22,9.50E-19,2.96E-14,1.89E-08
48.53846154,1.26E-22,8.81E-19,2.76E-14,1.79E-08
48.61538462,1.16E-22,8.17E-19,2.58E-14,1.70E-08
48.69230769,1.07E-22,7.58E-19,2.41E-14,1.61E-08
48.76923077,9.90E-23,7.02E-19,2.25E-14,1.53E-08
48.84615385,9.14E-23,6.51E-19,2.11E-14,1.45E-08
48.92307692,8.43E-23,6.04E-19,1.97E-14,1.38E-08
49,7.79E-23,5.60E-19,1.84E-14,1.31E-08
49.07692308,7.19E-23,5.19E-19,1.72E-14,1.24E-08
49.15384615,6.63E-23,4.81E-19,1.60E-14,1.17E-08
49.23076923,6.12E-23,4.46E-19,1.50E-14,1.11E-08
49.30769231,5.65E-23,4.14E-19,1.40E-14,1.06E-08
49.38461538,5.22E-23,3.84E-19,1.31E-14,1.00E-08
49.46153846,4.82E-23,3.56E-19,1.22E-14,9.49E-09
49.53846154,4.45E-23,3.30E-19,1.14E-14,9.00E-09
49.61538462,4.10E-23,3.06E-19,1.07E-14,8.53E-09
49.69230769,3.79E-23,2.84E-19,9.96E-15,8.09E-09
49.76923077,3.50E-23,2.63E-19,9.30E-15,7.67E-09
49.84615385,3.23E-23,2.44E-19,8.69E-15,7.27E-09
49.92307692,2.98E-23,2.26E-19,8.12E-15,6.89E-09
50,2.75E-23,2.10E-19,7.58E-15,6.53E-09
50.07692308,2.54E-23,1.94E-19,7.08E-15,6.19E-09
50.15384615,2.34E-23,1.80E-19,6.61E-15,5.87E-09
50.23076923,2.16E-23,1.67E-19,6.18E-15,5.56E-09
50.30769231,2.00E-23,1.55E-19,5.77E-15,5.27E-09
50.38461538,1.84E-23,1.44E-19,5.39E-15,5.00E-09
50.46153846,1.70E-23,1.33E-19,5.03E-15,4.73E-09
50.53846154,1.57E-23,1.23E-19,4.70E-15,4.49E-09
50.61538462,1.45E-23,1.14E-19,4.39E-15,4.25E-09
50.69230769,1.34E-23,1.06E-19,4.10E-15,4.03E-09
50.76923077,1.24E-23,9.83E-20,3.83E-15,3.82E-09
50.84615385,1.14E-23,9.12E-20,3.58E-15,3.62E-09
50.92307692,1.05E-23,8.45E-20,3.34E-15,3.43E-09
51,9.72E-24,7.83E-20,3.12E-15,3.25E-09
51.07692308,8.97E-24,7.26E-20,2.91E-15,3.08E-09
51.15384615,8.28E-24,6.73E-20,2.72E-15,2.91E-09
51.23076923,7.64E-24,6.24E-20,2.54E-15,2.76E-09
51.30769231,7.05E-24,5.79E-20,2.37E-15,2.62E-09
51.38461538,6.51E-24,5.36E-20,2.21E-15,2.48E-09
51.46153846,6.01E-24,4.97E-20,2.07E-15,2.35E-09
51.53846154,5.55E-24,4.61E-20,1.93E-15,2.22E-09
51.61538462,5.12E-24,4.27E-20,1.80E-15,2.11E-09
51.69230769,4.73E-24,3.96E-20,1.68E-15,1.99E-09
51.76923077,4.36E-24,3.67E-20,1.57E-15,1.89E-09
51.84615385,4.03E-24,3.40E-20,1.47E-15,1.79E-09
51.92307692,3.72E-24,3.16E-20,1.37E-15,1.69E-09
52,3.43E-24,2.93E-20,1.28E-15,1.60E-09
52.07692308,3.17E-24,2.71E-20,1.19E-15,1.52E-09
52.15384615,2.92E-24,2.51E-20,1.11E-15,1.44E-09
52.23076923,2.70E-24,2.33E-20,1.04E-15,1.36E-09
52.30769231,2.49E-24,2.16E-20,9.72E-16,1.29E-09
52.38461538,2.30E-24,2.00E-20,9.07E-16,1.22E-09
52.46153846,2.12E-24,1.86E-20,8.47E-16,1.16E-09
52.53846154,1.96E-24,1.72E-20,7.90E-16,1.09E-09
52.61538462,1.81E-24,1.60E-20,7.38E-16,1.04E-09
52.69230769,1.67E-24,1.48E-20,6.89E-16,9.81E-10
52.76923077,1.54E-24,1.37E-20,6.43E-16,9.29E-10
52.84615385,1.42E-24,1.27E-20,6.00E-16,8.79E-10
52.92307692,1.31E-24,1.18E-20,5.60E-16,8.32E-10
53,1.21E-24,1.09E-20,5.23E-16,7.88E-10
53.07692308,1.12E-24,1.01E-20,4.88E-16,7.46E-10
53.15384615,1.03E-24,9.38E-21,4.56E-16,7.06E-10
53.23076923,9.54E-25,8.69E-21,4.25E-16,6.68E-10
53.30769231,8.80E-25,8.06E-21,3.97E-16,6.32E-10
53.38461538,8.13E-25,7.47E-21,3.71E-16,5.98E-10
53.46153846,7.50E-25,6.92E-21,3.46E-16,5.66E-10
53.53846154,6.92E-25,6.42E-21,3.23E-16,5.36E-10
53.61538462,6.39E-25,5.95E-21,3.01E-16,5.07E-10
53.69230769,5.90E-25,5.51E-21,2.81E-16,4.80E-10
53.76923077,5.45E-25,5.11E-21,2.62E-16,4.54E-10
53.84615385,5.03E-25,4.74E-21,2.45E-16,4.30E-10
53.92307692,4.64E-25,4.39E-21,2.29E-16,4.07E-10
54,4.28E-25,4.07E-21,2.13E-16,3.85E-10
54.07692308,3.95E-25,3.77E-21,1.99E-16,3.64E-10
54.15384615,3.65E-25,3.49E-21,1.86E-16,3.44E-10
54.23076923,3.37E-25,3.24E-21,1.73E-16,3.26E-10
54.30769231,3.11E-25,3.00E-21,1.62E-16,3.08E-10
54.38461538,2.87E-25,2.78E-21,1.51E-16,2.92E-10
54.46153846,2.65E-25,2.58E-21,1.41E-16,2.76E-10
54.53846154,2.45E-25,2.39E-21,1.32E-16,2.61E-10
54.61538462,2.26E-25,2.22E-21,1.23E-16,2.47E-10
54.69230769,2.08E-25,2.05E-21,1.15E-16,2.33E-10
54.76923077,1.92E-25,1.90E-21,1.07E-16,2.21E-10
54.84615385,1.78E-25,1.76E-21,9.97E-17,2.09E-10
54.92307692,1.64E-25,1.63E-21,9.31E-17,1.98E-10
55,1.51E-25,1.51E-21,8.68E-17,1.87E-10
55.07692308,1.40E-25,1.40E-21,8.10E-17,1.77E-10
55.15384615,1.29E-25,1.30E-21,7.56E-17,1.67E-10
55.23076923,1.19E-25,1.21E-21,7.05E-17,1.58E-10
55.30769231,1.10E-25,1.12E-21,6.58E-17,1.49E-10
55.38461538,1.01E-25,1.04E-21,6.14E-17,1.41E-10
55.46153846,9.36E-26,9.60E-22,5.73E-17,1.34E-10
55.53846154,8.64E-26,8.90E-22,5.35E-17,1.26E-10
55.61538462,7.98E-26,8.24E-22,4.99E-17,1.19E-10
55.69230769,7.36E-26,7.64E-22,4.65E-17,1.13E-10
55.76923077,6.80E-26,7.08E-22,4.34E-17,1.07E-10
55.84615385,6.27E-26,6.56E-22,4.05E-17,1.01E-10
55.92307692,5.79E-26,6.08E-22,3.78E-17,9.54E-11
56,5.35E-26,5.64E-22,3.52E-17,9.02E-11
56.07692308,4.93E-26,5.22E-22,3.29E-17,8.53E-11
56.15384615,4.55E-26,4.84E-22,3.07E-17,8.06E-11
56.23076923,4.20E-26,4.49E-22,2.86E-17,7.62E-11
56.30769231,3.88E-26,4.16E-22,2.67E-17,7.20E-11
56.38461538,3.58E-26,3.85E-22,2.49E-17,6.81E-11
56.46153846,3.31E-26,3.57E-22,2.32E-17,6.44E-11
56.53846154,3.05E-26,3.31E-22,2.17E-17,6.08E-11
56.61538462,2.82E-26,3.07E-22,2.02E-17,5.75E-11
56.69230769,2.60E-26,2.84E-22,1.89E-17,5.43E-11
56.76923077,2.40E-26,2.63E-22,1.76E-17,5.14E-11
56.84615385,2.22E-26,2.44E-22,1.64E-17,4.85E-11
56.92307692,2.05E-26,2.26E-22,1.53E-17,4.59E-11
57,1.89E-26,2.09E-22,1.43E-17,4.33E-11
57.07692308,1.74E-26,1.94E-22,1.33E-17,4.10E-11
57.15384615,1.61E-26,1.80E-22,1.24E-17,3.87E-11
57.23076923,1.49E-26,1.67E-22,1.16E-17,3.66E-11
57.30769231,1.37E-26,1.54E-22,1.08E-17,3.46E-11
57.38461538,1.27E-26,1.43E-22,1.01E-17,3.26E-11
57.46153846,1.17E-26,1.33E-22,9.40E-18,3.08E-11
57.53846154,1.08E-26,1.23E-22,8.76E-18,2.91E-11
57.61538462,9.95E-27,1.14E-22,8.17E-18,2.75E-11
57.69230769,9.19E-27,1.06E-22,7.62E-18,2.60E-11
57.76923077,8.48E-27,9.78E-23,7.11E-18,2.46E-11
57.84615385,7.83E-27,9.06E-23,6.63E-18,2.32E-11
57.92307692,7.23E-27,8.40E-23,6.18E-18,2.19E-11
58,6.67E-27,7.78E-23,5.77E-18,2.07E-11
58.07692308,6.16E-27,7.21E-23,5.38E-18,1.96E-11
58.15384615,5.68E-27,6.68E-23,5.02E-18,1.85E-11
58.23076923,5.25E-27,6.19E-23,4.68E-18,1.75E-11
58.30769231,4.84E-27,5.73E-23,4.36E-18,1.65E-11
58.38461538,4.47E-27,5.31E-23,4.07E-18,1.56E-11
58.46153846,4.13E-27,4.92E-23,3.79E-18,1.47E-11
58.53846154,3.81E-27,4.56E-23,3.54E-18,1.39E-11
58.61538462,3.52E-27,4.23E-23,3.30E-18,1.31E-11
58.69230769,3.25E-27,3.92E-23,3.08E-18,1.24E-11
58.76923077,3.00E-27,3.63E-23,2.87E-18,1.17E-11
58.84615385,2.77E-27,3.36E-23,2.67E-18,1.11E-11
58.92307692,2.55E-27,3.12E-23,2.49E-18,1.04E-11
59,2.36E-27,2.89E-23,2.33E-18,9.85E-12
59.07692308,2.18E-27,2.67E-23,2.17E-18,9.30E-12
59.15384615,2.01E-27,2.48E-23,2.02E-18,8.79E-12
59.23076923,1.85E-27,2.30E-23,1.88E-18,8.29E-12
59.30769231,1.71E-27,2.13E-23,1.76E-18,7.83E-12
59.38461538,1.58E-27,1.97E-23,1.64E-18,7.39E-12
59.46153846,1.46E-27,1.83E-23,1.53E-18,6.98E-12
59.53846154,1.35E-27,1.69E-23,1.42E-18,6.59E-12
59.61538462,1.24E-27,1.57E-23,1.33E-18,6.22E-12
59.69230769,1.15E-27,1.45E-23,1.24E-18,5.87E-12
59.76923077,1.06E-27,1.35E-23,1.15E-18,5.55E-12
59.84615385,9.77E-28,1.25E-23,1.08E-18,5.23E-12
59.92307692,9.02E-28,1.16E-23,1.00E-18,4.94E-12
60,8.32E-28,1.07E-23,9.35E-19,4.66E-12
60.07692308,7.68E-28,9.92E-24,8.72E-19,4.40E-12
60.15384615,7.09E-28,9.19E-24,8.13E-19,4.16E-12
60.23076923,6.55E-28,8.51E-24,7.58E-19,3.92E-12
60.30769231,6.04E-28,7.89E-24,7.07E-19,3.70E-12
60.38461538,5.58E-28,7.31E-24,6.59E-19,3.49E-12
60.46153846,5.15E-28,6.77E-24,6.14E-19,3.30E-12
60.53846154,4.75E-28,6.27E-24,5.72E-19,3.11E-12
60.61538462,4.39E-28,5.81E-24,5.34E-19,2.94E-12
60.69230769,4.05E-28,5.38E-24,4.97E-19,2.77E-12
60.76923077,3.74E-28,4.99E-24,4.64E-19,2.62E-12
60.84615385,3.45E-28,4.62E-24,4.32E-19,2.47E-12
60.92307692,3.19E-28,4.28E-24,4.03E-19,2.33E-12
61,2.94E-28,3.97E-24,3.76E-19,2.20E-12
61.07692308,2.71E-28,3.67E-24,3.50E-19,2.07E-12
61.15384615,2.51E-28,3.40E-24,3.26E-19,1.96E-12
61.23076923,2.31E-28,3.15E-24,3.04E-19,1.85E-12
61.30769231,2.13E-28,2.92E-24,2.83E-19,1.74E-12
61.38461538,1.97E-28,2.71E-24,2.64E-19,1.64E-12
61.46153846,1.82E-28,2.51E-24,2.46E-19,1.55E-12
61.53846154,1.68E-28,2.32E-24,2.30E-19,1.46E-12
61.61538462,1.55E-28,2.15E-24,2.14E-19,1.38E-12
61.69230769,1.43E-28,1.99E-24,1.99E-19,1.30E-12
61.76923077,1.32E-28,1.85E-24,1.86E-19,1.23E-12
61.84615385,1.22E-28,1.71E-24,1.73E-19,1.16E-12
61.92307692,1.13E-28,1.58E-24,1.61E-19,1.09E-12
62,1.04E-28,1.47E-24,1.50E-19,1.03E-12
62.07692308,9.59E-29,1.36E-24,1.40E-19,9.73E-13
62.15384615,8.85E-29,1.26E-24,1.31E-19,9.17E-13
62.23076923,8.17E-29,1.17E-24,1.22E-19,8.65E-13
62.30769231,7.54E-29,1.08E-24,1.14E-19,8.16E-13
62.38461538,6.96E-29,1.00E-24,1.06E-19,7.70E-13
62.46153846,6.43E-29,9.28E-25,9.86E-20,7.26E-13
62.53846154,5.93E-29,8.60E-25,9.19E-20,6.85E-13
62.61538462,5.48E-29,7.96E-25,8.56E-20,6.46E-13
62.69230769,5.05E-29,7.38E-25,7.98E-20,6.09E-13
62.76923077,4.67E-29,6.83E-25,7.44E-20,5.74E-13
62.84615385,4.31E-29,6.33E-25,6.93E-20,5.42E-13
62.92307692,3.98E-29,5.86E-25,6.46E-20,5.11E-13
63,3.67E-29,5.43E-25,6.02E-20,4.82E-13
63.07692308,3.39E-29,5.03E-25,5.61E-20,4.54E-13
63.15384615,3.13E-29,4.66E-25,5.22E-20,4.28E-13
63.23076923,2.89E-29,4.32E-25,4.87E-20,4.04E-13
63.30769231,2.66E-29,4.00E-25,4.54E-20,3.81E-13
63.38461538,2.46E-29,3.70E-25,4.23E-20,3.59E-13
63.46153846,2.27E-29,3.43E-25,3.94E-20,3.38E-13
63.53846154,2.10E-29,3.18E-25,3.67E-20,3.19E-13
63.61538462,1.93E-29,2.94E-25,3.42E-20,3.01E-13
63.69230769,1.79E-29,2.73E-25,3.19E-20,2.84E-13
63.76923077,1.65E-29,2.53E-25,2.97E-20,2.67E-13
63.84615385,1.52E-29,2.34E-25,2.77E-20,2.52E-13
63.92307692,1.40E-29,2.17E-25,2.58E-20,2.38E-13
64,1.30E-29,2.01E-25,2.40E-20,2.24E-13
64.07692308,1.20E-29,1.86E-25,2.24E-20,2.11E-13
64.15384615,1.10E-29,1.72E-25,2.08E-20,1.99E-13
64.23076923,1.02E-29,1.60E-25,1.94E-20,1.88E-13
64.30769231,9.41E-30,1.48E-25,1.81E-20,1.77E-13
64.38461538,8.69E-30,1.37E-25,1.69E-20,1.67E-13
64.46153846,8.02E-30,1.27E-25,1.57E-20,1.57E-13
64.53846154,7.40E-30,1.17E-25,1.46E-20,1.48E-13
64.61538462,6.83E-30,1.09E-25,1.36E-20,1.40E-13
64.69230769,6.31E-30,1.01E-25,1.27E-20,1.32E-13
64.76923077,5.82E-30,9.34E-26,1.18E-20,1.24E-13
64.84615385,5.37E-30,8.65E-26,1.10E-20,1.17E-13
64.92307692,4.96E-30,8.01E-26,1.03E-20,1.10E-13
65,4.58E-30,7.42E-26,9.57E-21,1.04E-13
65.07692308,4.23E-30,6.87E-26,8.91E-21,9.78E-14
65.15384615,3.90E-30,6.36E-26,8.30E-21,9.21E-14
65.23076923,3.60E-30,5.90E-26,7.74E-21,8.68E-14
65.30769231,3.32E-30,5.46E-26,7.21E-21,8.18E-14
65.38461538,3.07E-30,5.06E-26,6.71E-21,7.71E-14
65.46153846,2.83E-30,4.68E-26,6.25E-21,7.26E-14
65.53846154,2.61E-30,4.34E-26,5.82E-21,6.85E-14
65.61538462,2.41E-30,4.02E-26,5.43E-21,6.45E-14
65.69230769,2.23E-30,3.72E-26,5.05E-21,6.08E-14
65.76923077,2.06E-30,3.45E-26,4.71E-21,5.73E-14
65.84615385,1.90E-30,3.19E-26,4.39E-21,5.39E-14
65.92307692,1.75E-30,2.96E-26,4.09E-21,5.08E-14
66,1.62E-30,2.74E-26,3.81E-21,4.79E-14
66.07692308,1.49E-30,2.54E-26,3.54E-21,4.51E-14
66.15384615,1.38E-30,2.35E-26,3.30E-21,4.25E-14
66.23076923,1.27E-30,2.18E-26,3.08E-21,4.00E-14
66.30769231,1.17E-30,2.02E-26,2.86E-21,3.77E-14
66.38461538,1.08E-30,1.87E-26,2.67E-21,3.55E-14
66.46153846,1.00E-30,1.73E-26,2.48E-21,3.35E-14
66.53846154,9.24E-31,1.60E-26,2.31E-21,3.15E-14
66.61538462,8.53E-31,1.48E-26,2.16E-21,2.97E-14
66.69230769,7.87E-31,1.37E-26,2.01E-21,2.80E-14
66.76923077,7.27E-31,1.27E-26,1.87E-21,2.63E-14
66.84615385,6.71E-31,1.18E-26,1.74E-21,2.48E-14
66.92307692,6.19E-31,1.09E-26,1.62E-21,2.34E-14
67,5.71E-31,1.01E-26,1.51E-21,2.20E-14
67.07692308,5.27E-31,9.36E-27,1.41E-21,2.07E-14
67.15384615,4.87E-31,8.67E-27,1.31E-21,1.95E-14
67.23076923,4.49E-31,8.03E-27,1.22E-21,1.84E-14
67.30769231,4.15E-31,7.44E-27,1.14E-21,1.73E-14
67.38461538,3.83E-31,6.89E-27,1.06E-21,1.63E-14
67.46153846,3.54E-31,6.38E-27,9.86E-22,1.54E-14
67.53846154,3.26E-31,5.91E-27,9.18E-22,1.45E-14
67.61538462,3.01E-31,5.47E-27,8.55E-22,1.36E-14
67.69230769,2.78E-31,5.07E-27,7.96E-22,1.28E-14
67.76923077,2.57E-31,4.69E-27,7.41E-22,1.21E-14
67.84615385,2.37E-31,4.35E-27,6.90E-22,1.14E-14
67.92307692,2.19E-31,4.02E-27,6.43E-22,1.07E-14
68,2.02E-31,3.73E-27,5.99E-22,1.01E-14
68.07692308,1.86E-31,3.45E-27,5.58E-22,9.49E-15
68.15384615,1.72E-31,3.20E-27,5.19E-22,8.93E-15
68.23076923,1.59E-31,2.96E-27,4.84E-22,8.41E-15
68.30769231,1.47E-31,2.74E-27,4.50E-22,7.92E-15
68.38461538,1.35E-31,2.54E-27,4.19E-22,7.45E-15
68.46153846,1.25E-31,2.35E-27,3.90E-22,7.02E-15
68.53846154,1.15E-31,2.18E-27,3.64E-22,6.61E-15
68.61538462,1.06E-31,2.02E-27,3.39E-22,6.22E-15
68.69230769,9.82E-32,1.87E-27,3.15E-22,5.86E-15
68.76923077,9.07E-32,1.73E-27,2.93E-22,5.51E-15
68.84615385,8.37E-32,1.60E-27,2.73E-22,5.19E-15
68.92307692,7.73E-32,1.48E-27,2.54E-22,4.88E-15
69,7.13E-32,1.37E-27,2.37E-22,4.60E-15
69.07692308,6.58E-32,1.27E-27,2.21E-22,4.33E-15
69.15384615,6.08E-32,1.18E-27,2.05E-22,4.07E-15
69.23076923,5.61E-32,1.09E-27,1.91E-22,3.83E-15
69.30769231,5.18E-32,1.01E-27,1.78E-22,3.61E-15
69.38461538,4.78E-32,9.35E-28,1.66E-22,3.40E-15
69.46153846,4.41E-32,8.66E-28,1.54E-22,3.20E-15
69.53846154,4.07E-32,8.02E-28,1.44E-22,3.01E-15
69.61538462,3.76E-32,7.43E-28,1.34E-22,2.83E-15
69.69230769,3.47E-32,6.88E-28,1.25E-22,2.66E-15
69.76923077,3.20E-32,6.37E-28,1.16E-22,2.51E-15
69.84615385,2.96E-32,5.90E-28,1.08E-22,2.36E-15
69.92307692,2.73E-32,5.46E-28,1.01E-22,2.22E-15
70,2.52E-32,5.06E-28,9.36E-23,2.09E-15
70.07692308,2.33E-32,4.68E-28,8.72E-23,1.97E-15
70.15384615,2.15E-32,4.34E-28,8.11E-23,1.85E-15
70.23076923,1.98E-32,4.02E-28,7.55E-23,1.74E-15
70.30769231,1.83E-32,3.72E-28,7.03E-23,1.64E-15
70.38461538,1.69E-32,3.44E-28,6.55E-23,1.54E-15
70.46153846,1.56E-32,3.19E-28,6.09E-23,1.45E-15
70.53846154,1.44E-32,2.95E-28,5.67E-23,1.37E-15
70.61538462,1.33E-32,2.73E-28,5.28E-23,1.28E-15
70.69230769,1.23E-32,2.53E-28,4.92E-23,1.21E-15
70.76923077,1.13E-32,2.34E-28,4.58E-23,1.14E-15
70.84615385,1.04E-32,2.17E-28,4.26E-23,1.07E-15
70.92307692,9.64E-33,2.01E-28,3.97E-23,1.01E-15
71,8.90E-33,1.86E-28,3.69E-23,9.47E-16
71.07692308,8.21E-33,1.72E-28,3.44E-23,8.91E-16
71.15384615,7.58E-33,1.60E-28,3.20E-23,8.38E-16
71.23076923,7.00E-33,1.48E-28,2.98E-23,7.88E-16
71.30769231,6.46E-33,1.37E-28,2.77E-23,7.42E-16
71.38461538,5.96E-33,1.27E-28,2.58E-23,6.98E-16
71.46153846,5.51E-33,1.17E-28,2.40E-23,6.56E-16
71.53846154,5.08E-33,1.09E-28,2.24E-23,6.17E-16
71.61538462,4.69E-33,1.01E-28,2.08E-23,5.81E-16
71.69230769,4.33E-33,9.32E-29,1.94E-23,5.46E-16
71.76923077,4.00E-33,8.63E-29,1.80E-23,5.14E-16
71.84615385,3.69E-33,7.99E-29,1.68E-23,4.83E-16
71.92307692,3.41E-33,7.40E-29,1.56E-23,4.55E-16
72,3.14E-33,6.85E-29,1.45E-23,4.28E-16
72.07692308,2.90E-33,6.34E-29,1.35E-23,4.02E-16
72.15384615,2.68E-33,5.87E-29,1.26E-23,3.78E-16
72.23076923,2.47E-33,5.44E-29,1.17E-23,3.56E-16
72.30769231,2.28E-33,5.03E-29,1.09E-23,3.35E-16
72.38461538,2.11E-33,4.66E-29,1.02E-23,3.15E-16
72.46153846,1.94E-33,4.32E-29,9.46E-24,2.96E-16
72.53846154,1.80E-33,4.00E-29,8.80E-24,2.78E-16
72.61538462,1.66E-33,3.70E-29,8.19E-24,2.62E-16
72.69230769,1.53E-33,3.43E-29,7.62E-24,2.46E-16
72.76923077,1.41E-33,3.17E-29,7.10E-24,2.31E-16
72.84615385,1.30E-33,2.94E-29,6.60E-24,2.18E-16
72.92307692,1.20E-33,2.72E-29,6.15E-24,2.05E-16
73,1.11E-33,2.52E-29,5.72E-24,1.92E-16
73.07692308,1.03E-33,2.33E-29,5.32E-24,1.81E-16
73.15384615,9.46E-34,2.16E-29,4.96E-24,1.70E-16
73.23076923,8.73E-34,2.00E-29,4.61E-24,1.60E-16
73.30769231,8.06E-34,1.85E-29,4.29E-24,1.50E-16
73.38461538,7.44E-34,1.71E-29,3.99E-24,1.41E-16
73.46153846,6.87E-34,1.59E-29,3.72E-24,1.33E-16
73.53846154,6.34E-34,1.47E-29,3.46E-24,1.25E-16
73.61538462,5.85E-34,1.36E-29,3.22E-24,1.18E-16
73.69230769,5.40E-34,1.26E-29,3.00E-24,1.11E-16
73.76923077,4.99E-34,1.17E-29,2.79E-24,1.04E-16
73.84615385,4.60E-34,1.08E-29,2.59E-24,9.77E-17
73.92307692,4.25E-34,1.00E-29,2.41E-24,9.18E-17
74,3.92E-34,9.26E-30,2.25E-24,8.63E-17
74.07692308,3.62E-34,8.57E-30,2.09E-24,8.12E-17
74.15384615,3.34E-34,7.93E-30,1.95E-24,7.63E-17
74.23076923,3.09E-34,7.35E-30,1.81E-24,7.17E-17
74.30769231,2.85E-34,6.80E-30,1.68E-24,6.74E-17
74.38461538,2.63E-34,6.30E-30,1.57E-24,6.34E-17
74.46153846,2.43E-34,5.83E-30,1.46E-24,5.96E-17
74.53846154,2.24E-34,5.40E-30,1.36E-24,5.60E-17
74.61538462,2.07E-34,5.00E-30,1.26E-24,5.26E-17
74.69230769,1.91E-34,4.63E-30,1.18E-24,4.95E-17
74.76923077,1.76E-34,4.28E-30,1.09E-24,4.65E-17
74.84615385,1.63E-34,3.97E-30,1.02E-24,4.37E-17
74.92307692,1.50E-34,3.67E-30,9.47E-25,4.11E-17
75,1.39E-34,3.40E-30,8.81E-25,3.86E-17
75.07692308,1.28E-34,3.15E-30,8.20E-25,3.63E-17
75.15384615,1.18E-34,2.91E-30,7.63E-25,3.41E-17
75.23076923,1.09E-34,2.70E-30,7.10E-25,3.21E-17
75.30769231,1.01E-34,2.50E-30,6.61E-25,3.01E-17
75.38461538,9.29E-35,2.31E-30,6.15E-25,2.83E-17
75.46153846,8.57E-35,2.14E-30,5.72E-25,2.66E-17
75.53846154,7.91E-35,1.98E-30,5.32E-25,2.50E-17
75.61538462,7.30E-35,1.84E-30,4.95E-25,2.35E-17
75.69230769,6.74E-35,1.70E-30,4.61E-25,2.21E-17
75.76923077,6.22E-35,1.57E-30,4.29E-25,2.07E-17
75.84615385,5.75E-35,1.46E-30,3.99E-25,1.95E-17
75.92307692,5.30E-35,1.35E-30,3.71E-25,1.83E-17
76,4.90E-35,1.25E-30,3.45E-25,1.72E-17
76.07692308,4.52E-35,1.16E-30,3.21E-25,1.62E-17
76.15384615,4.17E-35,1.07E-30,2.99E-25,1.52E-17
76.23076923,3.85E-35,9.90E-31,2.78E-25,1.43E-17
76.30769231,3.55E-35,9.17E-31,2.59E-25,1.34E-17
76.38461538,3.28E-35,8.49E-31,2.41E-25,1.26E-17
76.46153846,3.03E-35,7.86E-31,2.24E-25,1.18E-17
76.53846154,2.80E-35,7.27E-31,2.08E-25,1.11E-17
76.61538462,2.58E-35,6.73E-31,1.94E-25,1.05E-17
76.69230769,2.38E-35,6.23E-31,1.80E-25,9.83E-18
76.76923077,2.20E-35,5.77E-31,1.68E-25,9.23E-18
76.84615385,2.03E-35,5.34E-31,1.56E-25,8.67E-18
76.92307692,1.87E-35,4.95E-31,1.45E-25,8.15E-18
77,1.73E-35,4.58E-31,1.35E-25,7.65E-18
77.07692308,1.60E-35,4.24E-31,1.26E-25,7.19E-18
77.15384615,1.47E-35,3.93E-31,1.17E-25,6.76E-18
77.23076923,1.36E-35,3.63E-31,1.09E-25,6.35E-18
77.30769231,1.26E-35,3.36E-31,1.01E-25,5.96E-18
77.38461538,1.16E-35,3.11E-31,9.41E-26,5.60E-18
77.46153846,1.07E-35,2.88E-31,8.75E-26,5.26E-18
77.53846154,9.88E-36,2.67E-31,8.14E-26,4.94E-18
77.61538462,9.12E-36,2.47E-31,7.57E-26,4.64E-18
77.69230769,8.41E-36,2.29E-31,7.05E-26,4.36E-18
77.76923077,7.77E-36,2.12E-31,6.55E-26,4.09E-18
77.84615385,7.17E-36,1.96E-31,6.10E-26,3.85E-18
77.92307692,6.62E-36,1.81E-31,5.67E-26,3.61E-18
78,6.11E-36,1.68E-31,5.28E-26,3.39E-18
78.07692308,5.64E-36,1.55E-31,4.91E-26,3.19E-18
78.15384615,5.21E-36,1.44E-31,4.56E-26,2.99E-18
78.23076923,4.81E-36,1.33E-31,4.25E-26,2.81E-18
78.30769231,4.44E-36,1.23E-31,3.95E-26,2.64E-18
78.38461538,4.09E-36,1.14E-31,3.67E-26,2.48E-18
78.46153846,3.78E-36,1.06E-31,3.42E-26,2.33E-18
78.53846154,3.49E-36,9.79E-32,3.18E-26,2.19E-18
78.61538462,3.22E-36,9.06E-32,2.96E-26,2.05E-18
78.69230769,2.97E-36,8.39E-32,2.75E-26,1.93E-18
78.76923077,2.74E-36,7.76E-32,2.56E-26,1.81E-18
78.84615385,2.53E-36,7.19E-32,2.38E-26,1.70E-18
78.92307692,2.34E-36,6.65E-32,2.21E-26,1.60E-18
79,2.16E-36,6.16E-32,2.06E-26,1.50E-18
79.07692308,1.99E-36,5.70E-32,1.91E-26,1.41E-18
79.15384615,1.84E-36,5.28E-32,1.78E-26,1.32E-18
79.23076923,1.70E-36,4.88E-32,1.66E-26,1.24E-18
79.30769231,1.57E-36,4.52E-32,1.54E-26,1.17E-18
79.38461538,1.45E-36,4.19E-32,1.43E-26,1.10E-18
79.46153846,1.34E-36,3.87E-32,1.33E-26,1.03E-18
79.53846154,1.23E-36,3.59E-32,1.24E-26,9.65E-19
79.61538462,1.14E-36,3.32E-32,1.15E-26,9.06E-19
79.69230769,1.05E-36,3.07E-32,1.07E-26,8.51E-19
79.76923077,9.69E-37,2.84E-32,9.97E-27,7.99E-19
79.84615385,8.95E-37,2.63E-32,9.27E-27,7.50E-19
79.92307692,8.26E-37,2.44E-32,8.62E-27,7.04E-19
80,7.62E-37,2.26E-32,8.02E-27,6.61E-19
80.07692308,7.04E-37,2.09E-32,7.46E-27,6.21E-19
80.15384615,6.50E-37,1.93E-32,6.94E-27,5.83E-19
80.23076923,6.00E-37,1.79E-32,6.45E-27,5.47E-19
80.30769231,5.54E-37,1.66E-32,6.00E-27,5.14E-19
80.38461538,5.11E-37,1.53E-32,5.58E-27,4.82E-19
80.46153846,4.72E-37,1.42E-32,5.19E-27,4.53E-19
80.53846154,4.35E-37,1.31E-32,4.83E-27,4.25E-19
80.61538462,4.02E-37,1.22E-32,4.49E-27,3.99E-19
80.69230769,3.71E-37,1.13E-32,4.17E-27,3.75E-19
80.76923077,3.42E-37,1.04E-32,3.88E-27,3.52E-19
80.84615385,3.16E-37,9.65E-33,3.61E-27,3.30E-19
80.92307692,2.92E-37,8.93E-33,3.36E-27,3.10E-19
81,2.69E-37,8.26E-33,3.12E-27,2.91E-19
81.07692308,2.49E-37,7.65E-33,2.90E-27,2.73E-19
81.15384615,2.29E-37,7.08E-33,2.70E-27,2.56E-19
81.23076923,2.12E-37,6.55E-33,2.51E-27,2.40E-19
81.30769231,1.96E-37,6.07E-33,2.34E-27,2.26E-19
81.38461538,1.80E-37,5.62E-33,2.17E-27,2.12E-19
81.46153846,1.67E-37,5.20E-33,2.02E-27,1.99E-19
81.53846154,1.54E-37,4.81E-33,1.88E-27,1.87E-19
81.61538462,1.42E-37,4.45E-33,1.75E-27,1.75E-19
81.69230769,1.31E-37,4.12E-33,1.62E-27,1.64E-19
81.76923077,1.21E-37,3.82E-33,1.51E-27,1.54E-19
81.84615385,1.12E-37,3.53E-33,1.40E-27,1.45E-19
81.92307692,1.03E-37,3.27E-33,1.31E-27,1.36E-19
82,9.51E-38,3.03E-33,1.21E-27,1.28E-19
82.07692308,8.78E-38,2.80E-33,1.13E-27,1.20E-19
82.15384615,8.11E-38,2.59E-33,1.05E-27,1.12E-19
82.23076923,7.48E-38,2.40E-33,9.76E-28,1.05E-19
82.30769231,6.91E-38,2.22E-33,9.08E-28,9.89E-20
82.38461538,6.38E-38,2.06E-33,8.44E-28,9.28E-20
82.46153846,5.89E-38,1.90E-33,7.85E-28,8.71E-20
82.53846154,5.43E-38,1.76E-33,7.30E-28,8.17E-20
82.61538462,5.01E-38,1.63E-33,6.78E-28,7.67E-20
82.69230769,4.63E-38,1.51E-33,6.31E-28,7.20E-20
82.76923077,4.27E-38,1.40E-33,5.87E-28,6.75E-20
82.84615385,3.94E-38,1.29E-33,5.45E-28,6.34E-20
82.92307692,3.64E-38,1.20E-33,5.07E-28,5.94E-20
83,3.36E-38,1.11E-33,4.71E-28,5.58E-20
83.07692308,3.10E-38,1.02E-33,4.38E-28,5.23E-20
83.15384615,2.86E-38,9.49E-34,4.08E-28,4.91E-20
83.23076923,2.64E-38,8.78E-34,3.79E-28,4.61E-20
83.30769231,2.44E-38,8.13E-34,3.52E-28,4.32E-20
83.38461538,2.25E-38,7.52E-34,3.28E-28,4.06E-20
83.46153846,2.08E-38,6.96E-34,3.05E-28,3.80E-20
83.53846154,1.92E-38,6.44E-34,2.83E-28,3.57E-20
83.61538462,1.77E-38,5.96E-34,2.63E-28,3.35E-20
83.69230769,1.64E-38,5.52E-34,2.45E-28,3.14E-20
83.76923077,1.51E-38,5.11E-34,2.28E-28,2.95E-20
83.84615385,1.39E-38,4.73E-34,2.12E-28,2.77E-20
83.92307692,1.29E-38,4.38E-34,1.97E-28,2.59E-20
84,1.19E-38,4.05E-34,1.83E-28,2.43E-20
84.07692308,1.10E-38,3.75E-34,1.70E-28,2.28E-20
84.15384615,1.01E-38,3.47E-34,1.58E-28,2.14E-20
84.23076923,9.34E-39,3.21E-34,1.47E-28,2.01E-20
84.30769231,8.62E-39,2.97E-34,1.37E-28,1.88E-20
84.38461538,7.96E-39,2.75E-34,1.27E-28,1.77E-20
84.46153846,7.34E-39,2.55E-34,1.18E-28,1.66E-20
84.53846154,6.78E-39,2.36E-34,1.10E-28,1.56E-20
84.61538462,6.26E-39,2.18E-34,1.02E-28,1.46E-20
84.69230769,5.78E-39,2.02E-34,9.49E-29,1.37E-20
84.76923077,5.33E-39,1.87E-34,8.82E-29,1.28E-20
84.84615385,4.92E-39,1.73E-34,8.20E-29,1.20E-20
84.92307692,4.54E-39,1.60E-34,7.62E-29,1.13E-20
85,4.19E-39,1.48E-34,7.09E-29,1.06E-20
85.07692308,3.87E-39,1.37E-34,6.59E-29,9.94E-21
85.15384615,3.57E-39,1.27E-34,6.12E-29,9.32E-21
85.23076923,3.30E-39,1.17E-34,5.69E-29,8.74E-21
85.30769231,3.04E-39,1.09E-34,5.29E-29,8.20E-21
85.38461538,2.81E-39,1.01E-34,4.92E-29,7.69E-21
85.46153846,2.59E-39,9.31E-35,4.57E-29,7.21E-21
85.53846154,2.39E-39,8.62E-35,4.25E-29,6.76E-21
85.61538462,2.21E-39,7.97E-35,3.95E-29,6.34E-21
85.69230769,2.04E-39,7.38E-35,3.67E-29,5.95E-21
85.76923077,1.88E-39,6.83E-35,3.42E-29,5.58E-21
85.84615385,1.74E-39,6.32E-35,3.18E-29,5.23E-21
85.92307692,1.61E-39,5.85E-35,2.95E-29,4.91E-21
86,1.48E-39,5.41E-35,2.74E-29,4.60E-21
86.07692308,1.37E-39,5.01E-35,2.55E-29,4.31E-21
86.15384615,1.26E-39,4.64E-35,2.37E-29,4.04E-21
86.23076923,1.17E-39,4.29E-35,2.20E-29,3.79E-21
86.30769231,1.08E-39,3.97E-35,2.05E-29,3.56E-21
86.38461538,9.93E-40,3.68E-35,1.90E-29,3.34E-21
86.46153846,9.17E-40,3.40E-35,1.77E-29,3.13E-21
86.53846154,8.46E-40,3.15E-35,1.65E-29,2.93E-21
86.61538462,7.81E-40,2.91E-35,1.53E-29,2.75E-21
86.69230769,7.21E-40,2.70E-35,1.42E-29,2.58E-21
86.76923077,6.65E-40,2.50E-35,1.32E-29,2.42E-21
86.84615385,6.14E-40,2.31E-35,1.23E-29,2.27E-21
86.92307692,5.67E-40,2.14E-35,1.14E-29,2.13E-21
87,5.23E-40,1.98E-35,1.06E-29,1.99E-21
87.07692308,4.83E-40,1.83E-35,9.86E-30,1.87E-21
87.15384615,4.46E-40,1.69E-35,9.17E-30,1.75E-21
87.23076923,4.12E-40,1.57E-35,8.52E-30,1.64E-21
87.30769231,3.80E-40,1.45E-35,7.92E-30,1.54E-21
87.38461538,3.51E-40,1.34E-35,7.36E-30,1.44E-21
87.46153846,3.24E-40,1.24E-35,6.84E-30,1.35E-21
87.53846154,2.99E-40,1.15E-35,6.36E-30,1.27E-21
87.61538462,2.76E-40,1.06E-35,5.91E-30,1.19E-21
87.69230769,2.55E-40,9.85E-36,5.49E-30,1.12E-21
87.76923077,2.35E-40,9.12E-36,5.10E-30,1.05E-21
87.84615385,2.17E-40,8.44E-36,4.74E-30,9.80E-22
87.92307692,2.00E-40,7.81E-36,4.41E-30,9.19E-22
88,1.85E-40,7.23E-36,4.10E-30,8.61E-22
88.07692308,1.71E-40,6.69E-36,3.81E-30,8.07E-22
88.15384615,1.58E-40,6.19E-36,3.54E-30,7.57E-22
88.23076923,1.45E-40,5.73E-36,3.29E-30,7.10E-22
88.30769231,1.34E-40,5.30E-36,3.06E-30,6.65E-22
88.38461538,1.24E-40,4.90E-36,2.84E-30,6.23E-22
88.46153846,1.14E-40,4.54E-36,2.64E-30,5.84E-22
88.53846154,1.06E-40,4.20E-36,2.45E-30,5.48E-22
88.61538462,9.75E-41,3.89E-36,2.28E-30,5.14E-22
88.69230769,9.00E-41,3.60E-36,2.12E-30,4.81E-22
88.76923077,8.30E-41,3.33E-36,1.97E-30,4.51E-22
88.84615385,7.67E-41,3.08E-36,1.83E-30,4.23E-22
88.92307692,7.08E-41,2.85E-36,1.70E-30,3.96E-22
89,6.53E-41,2.64E-36,1.58E-30,3.72E-22
89.07692308,6.03E-41,2.44E-36,1.47E-30,3.48E-22
89.15384615,5.57E-41,2.26E-36,1.37E-30,3.26E-22
89.23076923,5.14E-41,2.09E-36,1.27E-30,3.06E-22
89.30769231,4.74E-41,1.93E-36,1.18E-30,2.87E-22
89.38461538,4.38E-41,1.79E-36,1.10E-30,2.69E-22
89.46153846,4.04E-41,1.66E-36,1.02E-30,2.52E-22
89.53846154,3.73E-41,1.53E-36,9.47E-31,2.36E-22
89.61538462,3.44E-41,1.42E-36,8.80E-31,2.21E-22
89.69230769,3.18E-41,1.31E-36,8.18E-31,2.07E-22
89.76923077,2.93E-41,1.22E-36,7.60E-31,1.94E-22
89.84615385,2.71E-41,1.12E-36,7.06E-31,1.82E-22
89.92307692,2.50E-41,1.04E-36,6.56E-31,1.71E-22
90,2.31E-41,9.63E-37,6.10E-31,1.60E-22
90.07692308,2.13E-41,8.91E-37,5.67E-31,1.50E-22
90.15384615,1.97E-41,8.25E-37,5.27E-31,1.40E-22
90.23076923,1.81E-41,7.63E-37,4.89E-31,1.32E-22
90.30769231,1.68E-41,7.06E-37,4.55E-31,1.23E-22
90.38461538,1.55E-41,6.53E-37,4.23E-31,1.16E-22
90.46153846,1.43E-41,6.05E-37,3.93E-31,1.08E-22
90.53846154,1.32E-41,5.60E-37,3.65E-31,1.01E-22
90.61538462,1.22E-41,5.18E-37,3.39E-31,9.51E-23
90.69230769,1.12E-41,4.79E-37,3.15E-31,8.91E-23
90.76923077,1.04E-41,4.43E-37,2.93E-31,8.35E-23
90.84615385,9.57E-42,4.10E-37,2.72E-31,7.82E-23
90.92307692,8.83E-42,3.80E-37,2.53E-31,7.33E-23
91,8.15E-42,3.51E-37,2.35E-31,6.87E-23
91.07692308,7.52E-42,3.25E-37,2.18E-31,6.43E-23
91.15384615,6.94E-42,3.01E-37,2.03E-31,6.03E-23
91.23076923,6.41E-42,2.78E-37,1.88E-31,5.65E-23
91.30769231,5.92E-42,2.58E-37,1.75E-31,5.29E-23
91.38461538,5.46E-42,2.38E-37,1.63E-31,4.96E-23
91.46153846,5.04E-42,2.21E-37,1.51E-31,4.64E-23
91.53846154,4.65E-42,2.04E-37,1.40E-31,4.35E-23
91.61538462,4.30E-42,1.89E-37,1.31E-31,4.08E-23
91.69230769,3.97E-42,1.75E-37,1.21E-31,3.82E-23
91.76923077,3.66E-42,1.62E-37,1.13E-31,3.58E-23
91.84615385,3.38E-42,1.50E-37,1.05E-31,3.35E-23
91.92307692,3.12E-42,1.38E-37,9.73E-32,3.14E-23
92,2.88E-42,1.28E-37,9.04E-32,2.94E-23
92.07692308,2.66E-42,1.19E-37,8.40E-32,2.76E-23
92.15384615,2.45E-42,1.10E-37,7.80E-32,2.58E-23
92.23076923,2.26E-42,1.02E-37,7.25E-32,2.42E-23
92.30769231,2.09E-42,9.39E-38,6.74E-32,2.27E-23
92.38461538,1.93E-42,8.69E-38,6.26E-32,2.12E-23
92.46153846,1.78E-42,8.04E-38,5.82E-32,1.99E-23
92.53846154,1.64E-42,7.44E-38,5.40E-32,1.86E-23
92.61538462,1.52E-42,6.89E-38,5.02E-32,1.74E-23
92.69230769,1.40E-42,6.37E-38,4.66E-32,1.63E-23
92.76923077,1.29E-42,5.90E-38,4.33E-32,1.53E-23
92.84615385,1.19E-42,5.46E-38,4.03E-32,1.43E-23
92.92307692,1.10E-42,5.05E-38,3.74E-32,1.34E-23
93,1.02E-42,4.67E-38,3.48E-32,1.26E-23
93.07692308,9.39E-43,4.32E-38,3.23E-32,1.18E-23
93.15384615,8.67E-43,4.00E-38,3.00E-32,1.10E-23
93.23076923,8.00E-43,3.70E-38,2.79E-32,1.03E-23
93.30769231,7.38E-43,3.42E-38,2.59E-32,9.69E-24
93.38461538,6.82E-43,3.17E-38,2.41E-32,9.07E-24
93.46153846,6.29E-43,2.93E-38,2.24E-32,8.50E-24
93.53846154,5.81E-43,2.71E-38,2.08E-32,7.96E-24
93.61538462,5.36E-43,2.51E-38,1.93E-32,7.45E-24
93.69230769,4.95E-43,2.32E-38,1.79E-32,6.98E-24
93.76923077,4.57E-43,2.15E-38,1.67E-32,6.54E-24
93.84615385,4.22E-43,1.99E-38,1.55E-32,6.12E-24
93.92307692,3.89E-43,1.84E-38,1.44E-32,5.73E-24
94,3.59E-43,1.70E-38,1.34E-32,5.37E-24
94.07692308,3.32E-43,1.58E-38,1.24E-32,5.03E-24
94.15384615,3.06E-43,1.46E-38,1.15E-32,4.71E-24
94.23076923,2.83E-43,1.35E-38,1.07E-32,4.41E-24
94.30769231,2.61E-43,1.25E-38,9.95E-33,4.13E-24
94.38461538,2.41E-43,1.15E-38,9.24E-33,3.87E-24
94.46153846,2.22E-43,1.07E-38,8.58E-33,3.62E-24
94.53846154,2.05E-43,9.89E-39,7.97E-33,3.39E-24
94.61538462,1.89E-43,9.15E-39,7.41E-33,3.18E-24
94.69230769,1.75E-43,8.46E-39,6.88E-33,2.98E-24
94.76923077,1.61E-43,7.83E-39,6.39E-33,2.79E-24
94.84615385,1.49E-43,7.25E-39,5.94E-33,2.61E-24
94.92307692,1.38E-43,6.71E-39,5.52E-33,2.44E-24
95,1.27E-43,6.20E-39,5.13E-33,2.29E-24
95.07692308,1.17E-43,5.74E-39,4.76E-33,2.14E-24
95.15384615,1.08E-43,5.31E-39,4.42E-33,2.01E-24
95.23076923,9.98E-44,4.91E-39,4.11E-33,1.88E-24
95.30769231,9.22E-44,4.55E-39,3.82E-33,1.76E-24
95.38461538,8.51E-44,4.21E-39,3.55E-33,1.65E-24
95.46153846,7.85E-44,3.89E-39,3.29E-33,1.54E-24
95.53846154,7.25E-44,3.60E-39,3.06E-33,1.44E-24
95.61538462,6.69E-44,3.33E-39,2.84E-33,1.35E-24
95.69230769,6.18E-44,3.08E-39,2.64E-33,1.27E-24
95.76923077,5.70E-44,2.85E-39,2.45E-33,1.19E-24
95.84615385,5.26E-44,2.64E-39,2.28E-33,1.11E-24
95.92307692,4.86E-44,2.44E-39,2.12E-33,1.04E-24
96,4.48E-44,2.26E-39,1.97E-33,9.73E-25
96.07692308,4.14E-44,2.09E-39,1.83E-33,9.11E-25
96.15384615,3.82E-44,1.93E-39,1.70E-33,8.53E-25
96.23076923,3.53E-44,1.79E-39,1.58E-33,7.98E-25
96.30769231,3.26E-44,1.66E-39,1.46E-33,7.47E-25
96.38461538,3.00E-44,1.53E-39,1.36E-33,7.00E-25
96.46153846,2.77E-44,1.42E-39,1.26E-33,6.55E-25
96.53846154,2.56E-44,1.31E-39,1.17E-33,6.13E-25
96.61538462,2.36E-44,1.21E-39,1.09E-33,5.74E-25
96.69230769,2.18E-44,1.12E-39,1.01E-33,5.37E-25
96.76923077,2.01E-44,1.04E-39,9.40E-34,5.03E-25
96.84615385,1.86E-44,9.61E-40,8.73E-34,4.71E-25
96.92307692,1.72E-44,8.89E-40,8.11E-34,4.41E-25
97,1.58E-44,8.23E-40,7.53E-34,4.13E-25
97.07692308,1.46E-44,7.61E-40,7.00E-34,3.86E-25
97.15384615,1.35E-44,7.04E-40,6.50E-34,3.62E-25
97.23076923,1.25E-44,6.52E-40,6.03E-34,3.39E-25
97.30769231,1.15E-44,6.03E-40,5.61E-34,3.17E-25
97.38461538,1.06E-44,5.58E-40,5.21E-34,2.97E-25
97.46153846,9.80E-45,5.16E-40,4.84E-34,2.78E-25
97.53846154,9.05E-45,4.78E-40,4.49E-34,2.60E-25
97.61538462,8.35E-45,4.42E-40,4.17E-34,2.43E-25
97.69230769,7.71E-45,4.09E-40,3.87E-34,2.28E-25
97.76923077,7.11E-45,3.78E-40,3.60E-34,2.13E-25
97.84615385,6.57E-45,3.50E-40,3.34E-34,2.00E-25
97.92307692,6.06E-45,3.24E-40,3.10E-34,1.87E-25
98,5.60E-45,3.00E-40,2.88E-34,1.75E-25
98.07692308,5.17E-45,2.77E-40,2.68E-34,1.64E-25
98.15384615,4.77E-45,2.56E-40,2.49E-34,1.53E-25
98.23076923,4.40E-45,2.37E-40,2.31E-34,1.43E-25
98.30769231,4.06E-45,2.19E-40,2.15E-34,1.34E-25
98.38461538,3.75E-45,2.03E-40,1.99E-34,1.26E-25
98.46153846,3.46E-45,1.88E-40,1.85E-34,1.18E-25
98.53846154,3.20E-45,1.74E-40,1.72E-34,1.10E-25
98.61538462,2.95E-45,1.61E-40,1.60E-34,1.03E-25
98.69230769,2.72E-45,1.49E-40,1.48E-34,9.64E-26
98.76923077,2.51E-45,1.38E-40,1.38E-34,9.02E-26
98.84615385,2.32E-45,1.27E-40,1.28E-34,8.44E-26
98.92307692,2.14E-45,1.18E-40,1.19E-34,7.90E-26
99,1.98E-45,1.09E-40,1.10E-34,7.39E-26
99.07692308,1.82E-45,1.01E-40,1.02E-34,6.92E-26
99.15384615,1.68E-45,9.33E-41,9.51E-35,6.47E-26
99.23076923,1.55E-45,8.63E-41,8.84E-35,6.06E-26
99.30769231,1.44E-45,7.99E-41,8.21E-35,5.67E-26
99.38461538,1.32E-45,7.39E-41,7.62E-35,5.31E-26
99.46153846,1.22E-45,6.84E-41,7.08E-35,4.97E-26
99.53846154,1.13E-45,6.33E-41,6.57E-35,4.65E-26
99.61538462,1.04E-45,5.85E-41,6.10E-35,4.35E-26
99.69230769,9.62E-46,5.41E-41,5.67E-35,4.07E-26
99.76923077,8.88E-46,5.01E-41,5.26E-35,3.81E-26
99.84615385,8.19E-46,4.63E-41,4.89E-35,3.56E-26
99.92307692,7.56E-46,4.29E-41,4.54E-35,3.33E-26
100,6.98E-46,3.97E-41,4.22E-35,3.12E-26
100.0769231,6.45E-46,3.67E-41,3.92E-35,2.92E-26
100.1538462,5.95E-46,3.39E-41,3.64E-35,2.73E-26
100.2307692,5.49E-46,3.14E-41,3.38E-35,2.56E-26
100.3076923,5.07E-46,2.91E-41,3.14E-35,2.39E-26
100.3846154,4.68E-46,2.69E-41,2.91E-35,2.24E-26
100.4615385,4.32E-46,2.49E-41,2.70E-35,2.09E-26
100.5384615,3.99E-46,2.30E-41,2.51E-35,1.96E-26
100.6153846,3.68E-46,2.13E-41,2.33E-35,1.83E-26
100.6923077,3.40E-46,1.97E-41,2.17E-35,1.72E-26
100.7692308,3.14E-46,1.82E-41,2.01E-35,1.61E-26
100.8461538,2.89E-46,1.69E-41,1.87E-35,1.50E-26
100.9230769,2.67E-46,1.56E-41,1.73E-35,1.41E-26
101,2.47E-46,1.44E-41,1.61E-35,1.31E-26
101.0769231,2.28E-46,1.33E-41,1.50E-35,1.23E-26
101.1538462,2.10E-46,1.23E-41,1.39E-35,1.15E-26
101.2307692,1.94E-46,1.14E-41,1.29E-35,1.08E-26
101.3076923,1.79E-46,1.06E-41,1.20E-35,1.01E-26
101.3846154,1.65E-46,9.78E-42,1.11E-35,9.43E-27
101.4615385,1.53E-46,9.04E-42,1.03E-35,8.82E-27
101.5384615,1.41E-46,8.37E-42,9.59E-36,8.25E-27
101.6153846,1.30E-46,7.74E-42,8.90E-36,7.72E-27
101.6923077,1.20E-46,7.16E-42,8.27E-36,7.22E-27
101.7692308,1.11E-46,6.62E-42,7.68E-36,6.75E-27
101.8461538,1.02E-46,6.13E-42,7.13E-36,6.32E-27
101.9230769,9.44E-47,5.67E-42,6.62E-36,5.91E-27
102,8.71E-47,5.25E-42,6.15E-36,5.53E-27
102.0769231,8.04E-47,4.85E-42,5.71E-36,5.17E-27
102.1538462,7.42E-47,4.49E-42,5.30E-36,4.84E-27
102.2307692,6.85E-47,4.15E-42,4.92E-36,4.53E-27
102.3076923,6.33E-47,3.84E-42,4.57E-36,4.24E-27
102.3846154,5.84E-47,3.55E-42,4.24E-36,3.96E-27
102.4615385,5.39E-47,3.29E-42,3.94E-36,3.71E-27
102.5384615,4.98E-47,3.04E-42,3.66E-36,3.47E-27
102.6153846,4.59E-47,2.81E-42,3.40E-36,3.24E-27
102.6923077,4.24E-47,2.60E-42,3.15E-36,3.03E-27
102.7692308,3.91E-47,2.41E-42,2.93E-36,2.84E-27
102.8461538,3.61E-47,2.23E-42,2.72E-36,2.65E-27
102.9230769,3.33E-47,2.06E-42,2.52E-36,2.48E-27
103,3.08E-47,1.91E-42,2.34E-36,2.32E-27
103.0769231,2.84E-47,1.76E-42,2.18E-36,2.17E-27
103.1538462,2.62E-47,1.63E-42,2.02E-36,2.03E-27
103.2307692,2.42E-47,1.51E-42,1.88E-36,1.90E-27
103.3076923,2.23E-47,1.40E-42,1.74E-36,1.78E-27
103.3846154,2.06E-47,1.29E-42,1.62E-36,1.66E-27
103.4615385,1.90E-47,1.20E-42,1.50E-36,1.56E-27
103.5384615,1.76E-47,1.11E-42,1.39E-36,1.45E-27
103.6153846,1.62E-47,1.02E-42,1.29E-36,1.36E-27
103.6923077,1.50E-47,9.46E-43,1.20E-36,1.27E-27
103.7692308,1.38E-47,8.75E-43,1.12E-36,1.19E-27
103.8461538,1.28E-47,8.10E-43,1.04E-36,1.11E-27
103.9230769,1.18E-47,7.49E-43,9.62E-37,1.04E-27
104,1.09E-47,6.93E-43,8.93E-37,9.74E-28
104.0769231,1.00E-47,6.41E-43,8.30E-37,9.11E-28
104.1538462,9.27E-48,5.93E-43,7.70E-37,8.52E-28
104.2307692,8.55E-48,5.49E-43,7.15E-37,7.96E-28
104.3076923,7.89E-48,5.07E-43,6.64E-37,7.45E-28
104.3846154,7.29E-48,4.69E-43,6.16E-37,6.97E-28
104.4615385,6.73E-48,4.34E-43,5.72E-37,6.51E-28
104.5384615,6.21E-48,4.02E-43,5.31E-37,6.09E-28
104.6153846,5.73E-48,3.72E-43,4.93E-37,5.70E-28
104.6923077,5.29E-48,3.44E-43,4.58E-37,5.33E-28
104.7692308,4.88E-48,3.18E-43,4.25E-37,4.98E-28
104.8461538,4.51E-48,2.94E-43,3.95E-37,4.66E-28
104.9230769,4.16E-48,2.72E-43,3.67E-37,4.36E-28
105,3.84E-48,2.52E-43,3.40E-37,4.08E-28
105.0769231,3.55E-48,2.33E-43,3.16E-37,3.81E-28
105.1538462,3.27E-48,2.15E-43,2.93E-37,3.56E-28
105.2307692,3.02E-48,1.99E-43,2.72E-37,3.33E-28
105.3076923,2.79E-48,1.84E-43,2.53E-37,3.12E-28
105.3846154,2.57E-48,1.71E-43,2.35E-37,2.91E-28
105.4615385,2.38E-48,1.58E-43,2.18E-37,2.72E-28
105.5384615,2.19E-48,1.46E-43,2.02E-37,2.55E-28
105.6153846,2.02E-48,1.35E-43,1.88E-37,2.38E-28
105.6923077,1.87E-48,1.25E-43,1.74E-37,2.23E-28
105.7692308,1.73E-48,1.16E-43,1.62E-37,2.08E-28
105.8461538,1.59E-48,1.07E-43,1.50E-37,1.95E-28
105.9230769,1.47E-48,9.88E-44,1.39E-37,1.82E-28
106,1.36E-48,9.14E-44,1.30E-37,1.70E-28
106.0769231,1.25E-48,8.46E-44,1.20E-37,1.59E-28
106.1538462,1.16E-48,7.82E-44,1.12E-37,1.49E-28
106.2307692,1.07E-48,7.24E-44,1.04E-37,1.39E-28
106.3076923,9.85E-49,6.70E-44,9.62E-38,1.30E-28
106.3846154,9.09E-49,6.19E-44,8.93E-38,1.22E-28
106.4615385,8.39E-49,5.73E-44,8.29E-38,1.14E-28
106.5384615,7.75E-49,5.30E-44,7.70E-38,1.06E-28
106.6153846,7.15E-49,4.90E-44,7.14E-38,9.95E-29
106.6923077,6.60E-49,4.53E-44,6.63E-38,9.30E-29
106.7692308,6.09E-49,4.19E-44,6.16E-38,8.70E-29
106.8461538,5.63E-49,3.88E-44,5.72E-38,8.13E-29
106.9230769,5.19E-49,3.59E-44,5.31E-38,7.60E-29
107,4.79E-49,3.32E-44,4.93E-38,7.11E-29
107.0769231,4.42E-49,3.07E-44,4.57E-38,6.64E-29
107.1538462,4.08E-49,2.84E-44,4.24E-38,6.21E-29
107.2307692,3.77E-49,2.63E-44,3.94E-38,5.81E-29
107.3076923,3.48E-49,2.43E-44,3.66E-38,5.43E-29
107.3846154,3.21E-49,2.25E-44,3.40E-38,5.08E-29
107.4615385,2.97E-49,2.08E-44,3.15E-38,4.74E-29
107.5384615,2.74E-49,1.92E-44,2.93E-38,4.44E-29
107.6153846,2.53E-49,1.78E-44,2.72E-38,4.15E-29
107.6923077,2.33E-49,1.65E-44,2.52E-38,3.88E-29
107.7692308,2.15E-49,1.52E-44,2.34E-38,3.62E-29
107.8461538,1.99E-49,1.41E-44,2.17E-38,3.39E-29
107.9230769,1.83E-49,1.30E-44,2.02E-38,3.17E-29
108,1.69E-49,1.21E-44,1.87E-38,2.96E-29
108.0769231,1.56E-49,1.12E-44,1.74E-38,2.77E-29
108.1538462,1.44E-49,1.03E-44,1.61E-38,2.59E-29
108.2307692,1.33E-49,9.54E-45,1.50E-38,2.42E-29
108.3076923,1.23E-49,8.82E-45,1.39E-38,2.26E-29
108.3846154,1.13E-49,8.16E-45,1.29E-38,2.11E-29
108.4615385,1.05E-49,7.55E-45,1.20E-38,1.98E-29
108.5384615,9.67E-50,6.98E-45,1.11E-38,1.85E-29
108.6153846,8.93E-50,6.46E-45,1.03E-38,1.73E-29
108.6923077,8.24E-50,5.98E-45,9.58E-39,1.61E-29
108.7692308,7.61E-50,5.53E-45,8.89E-39,1.51E-29
108.8461538,7.02E-50,5.11E-45,8.25E-39,1.41E-29
108.9230769,6.48E-50,4.73E-45,7.66E-39,1.32E-29
109,5.98E-50,4.37E-45,7.11E-39,1.23E-29
109.0769231,5.52E-50,4.05E-45,6.60E-39,1.15E-29
109.1538462,5.10E-50,3.74E-45,6.13E-39,1.08E-29
109.2307692,4.71E-50,3.46E-45,5.69E-39,1.01E-29
109.3076923,4.34E-50,3.20E-45,5.28E-39,9.40E-30
109.3846154,4.01E-50,2.96E-45,4.90E-39,8.79E-30
109.4615385,3.70E-50,2.74E-45,4.55E-39,8.21E-30
109.5384615,3.42E-50,2.53E-45,4.22E-39,7.68E-30
109.6153846,3.15E-50,2.34E-45,3.92E-39,7.17E-30
109.6923077,2.91E-50,2.17E-45,3.64E-39,6.71E-30
109.7692308,2.69E-50,2.01E-45,3.37E-39,6.27E-30
109.8461538,2.48E-50,1.86E-45,3.13E-39,5.86E-30
109.9230769,2.29E-50,1.72E-45,2.91E-39,5.47E-30
110,2.11E-50,1.59E-45,2.70E-39,5.12E-30
110.0769231,1.95E-50,1.47E-45,2.50E-39,4.78E-30
110.1538462,1.80E-50,1.36E-45,2.32E-39,4.47E-30
110.2307692,1.66E-50,1.26E-45,2.16E-39,4.18E-30
110.3076923,1.53E-50,1.16E-45,2.00E-39,3.90E-30
110.3846154,1.42E-50,1.07E-45,1.86E-39,3.65E-30
110.4615385,1.31E-50,9.94E-46,1.73E-39,3.41E-30
110.5384615,1.21E-50,9.20E-46,1.60E-39,3.19E-30
110.6153846,1.11E-50,8.51E-46,1.49E-39,2.98E-30
110.6923077,1.03E-50,7.87E-46,1.38E-39,2.78E-30
110.7692308,9.49E-51,7.28E-46,1.28E-39,2.60E-30
110.8461538,8.76E-51,6.73E-46,1.19E-39,2.43E-30
110.9230769,8.09E-51,6.23E-46,1.10E-39,2.27E-30
111,7.47E-51,5.76E-46,1.02E-39,2.12E-30
111.0769231,6.89E-51,5.33E-46,9.50E-40,1.98E-30
111.1538462,6.36E-51,4.93E-46,8.82E-40,1.85E-30
111.2307692,5.87E-51,4.56E-46,8.18E-40,1.73E-30
111.3076923,5.42E-51,4.22E-46,7.60E-40,1.62E-30
111.3846154,5.00E-51,3.90E-46,7.05E-40,1.51E-30
111.4615385,4.62E-51,3.61E-46,6.54E-40,1.41E-30
111.5384615,4.26E-51,3.34E-46,6.07E-40,1.32E-30
111.6153846,3.94E-51,3.09E-46,5.64E-40,1.23E-30
111.6923077,3.63E-51,2.85E-46,5.23E-40,1.15E-30
111.7692308,3.35E-51,2.64E-46,4.85E-40,1.08E-30
111.8461538,3.09E-51,2.44E-46,4.50E-40,1.01E-30
111.9230769,2.86E-51,2.26E-46,4.18E-40,9.41E-31
112,2.64E-51,2.09E-46,3.88E-40,8.79E-31
112.0769231,2.43E-51,1.93E-46,3.60E-40,8.21E-31
112.1538462,2.25E-51,1.79E-46,3.34E-40,7.68E-31
112.2307692,2.07E-51,1.65E-46,3.10E-40,7.17E-31
112.3076923,1.91E-51,1.53E-46,2.88E-40,6.70E-31
112.3846154,1.77E-51,1.41E-46,2.67E-40,6.26E-31
112.4615385,1.63E-51,1.31E-46,2.48E-40,5.85E-31
112.5384615,1.51E-51,1.21E-46,2.30E-40,5.47E-31
112.6153846,1.39E-51,1.12E-46,2.14E-40,5.11E-31
112.6923077,1.28E-51,1.03E-46,1.98E-40,4.77E-31
112.7692308,1.18E-51,9.57E-47,1.84E-40,4.46E-31
112.8461538,1.09E-51,8.85E-47,1.71E-40,4.17E-31
112.9230769,1.01E-51,8.19E-47,1.58E-40,3.89E-31
113,9.32E-52,7.57E-47,1.47E-40,3.64E-31
113.0769231,8.60E-52,7.01E-47,1.36E-40,3.40E-31
113.1538462,7.94E-52,6.48E-47,1.27E-40,3.17E-31
113.2307692,7.33E-52,5.99E-47,1.17E-40,2.97E-31
113.3076923,6.76E-52,5.54E-47,1.09E-40,2.77E-31
113.3846154,6.24E-52,5.13E-47,1.01E-40,2.59E-31
113.4615385,5.76E-52,4.74E-47,9.39E-41,2.42E-31
113.5384615,5.32E-52,4.39E-47,8.71E-41,2.26E-31
113.6153846,4.91E-52,4.06E-47,8.09E-41,2.11E-31
113.6923077,4.53E-52,3.75E-47,7.50E-41,1.97E-31
113.7692308,4.18E-52,3.47E-47,6.96E-41,1.84E-31
113.8461538,3.86E-52,3.21E-47,6.46E-41,1.72E-31
113.9230769,3.57E-52,2.97E-47,6.00E-41,1.61E-31
114,3.29E-52,2.75E-47,5.57E-41,1.50E-31
114.0769231,3.04E-52,2.54E-47,5.17E-41,1.40E-31
114.1538462,2.80E-52,2.35E-47,4.79E-41,1.31E-31
114.2307692,2.59E-52,2.17E-47,4.45E-41,1.22E-31
114.3076923,2.39E-52,2.01E-47,4.13E-41,1.14E-31
114.3846154,2.21E-52,1.86E-47,3.83E-41,1.07E-31
114.4615385,2.04E-52,1.72E-47,3.55E-41,9.98E-32
114.5384615,1.88E-52,1.59E-47,3.30E-41,9.33E-32
114.6153846,1.73E-52,1.47E-47,3.06E-41,8.71E-32
114.6923077,1.60E-52,1.36E-47,2.84E-41,8.14E-32
114.7692308,1.48E-52,1.26E-47,2.64E-41,7.60E-32
114.8461538,1.36E-52,1.16E-47,2.45E-41,7.10E-32
114.9230769,1.26E-52,1.08E-47,2.27E-41,6.63E-32
115,1.16E-52,9.95E-48,2.11E-41,6.20E-32
115.0769231,1.07E-52,9.20E-48,1.95E-41,5.79E-32
115.1538462,9.91E-53,8.51E-48,1.81E-41,5.41E-32
115.2307692,9.14E-53,7.87E-48,1.68E-41,5.05E-32
115.3076923,8.44E-53,7.28E-48,1.56E-41,4.72E-32
115.3846154,7.79E-53,6.74E-48,1.45E-41,4.41E-32
115.4615385,7.19E-53,6.23E-48,1.34E-41,4.12E-32
115.5384615,6.64E-53,5.76E-48,1.25E-41,3.84E-32
115.6153846,6.13E-53,5.33E-48,1.16E-41,3.59E-32
115.6923077,5.66E-53,4.93E-48,1.07E-41,3.35E-32
115.7692308,5.22E-53,4.56E-48,9.97E-42,3.13E-32
115.8461538,4.82E-53,4.22E-48,9.25E-42,2.93E-32
115.9230769,4.45E-53,3.90E-48,8.58E-42,2.73E-32
116,4.11E-53,3.61E-48,7.96E-42,2.55E-32
116.0769231,3.79E-53,3.34E-48,7.39E-42,2.38E-32
116.1538462,3.50E-53,3.08E-48,6.86E-42,2.23E-32
116.2307692,3.23E-53,2.85E-48,6.36E-42,2.08E-32
116.3076923,2.98E-53,2.64E-48,5.90E-42,1.94E-32
116.3846154,2.75E-53,2.44E-48,5.48E-42,1.81E-32
116.4615385,2.54E-53,2.26E-48,5.08E-42,1.69E-32
116.5384615,2.35E-53,2.09E-48,4.72E-42,1.58E-32
116.6153846,2.16E-53,1.93E-48,4.38E-42,1.48E-32
116.6923077,2.00E-53,1.79E-48,4.06E-42,1.38E-32
116.7692308,1.84E-53,1.65E-48,3.77E-42,1.29E-32
116.8461538,1.70E-53,1.53E-48,3.50E-42,1.20E-32
116.9230769,1.57E-53,1.41E-48,3.24E-42,1.12E-32
117,1.45E-53,1.31E-48,3.01E-42,1.05E-32
117.0769231,1.34E-53,1.21E-48,2.79E-42,9.81E-33
117.1538462,1.24E-53,1.12E-48,2.59E-42,9.16E-33
117.2307692,1.14E-53,1.03E-48,2.40E-42,8.55E-33
117.3076923,1.05E-53,9.56E-49,2.23E-42,7.99E-33
117.3846154,9.72E-54,8.84E-49,2.07E-42,7.46E-33
117.4615385,8.97E-54,8.18E-49,1.92E-42,6.97E-33
117.5384615,8.28E-54,7.56E-49,1.78E-42,6.51E-33
117.6153846,7.65E-54,6.99E-49,1.65E-42,6.08E-33
117.6923077,7.06E-54,6.47E-49,1.53E-42,5.67E-33
117.7692308,6.52E-54,5.98E-49,1.42E-42,5.30E-33
117.8461538,6.01E-54,5.53E-49,1.32E-42,4.95E-33
117.9230769,5.55E-54,5.12E-49,1.23E-42,4.62E-33
118,5.12E-54,4.73E-49,1.14E-42,4.32E-33
118.0769231,4.73E-54,4.38E-49,1.06E-42,4.03E-33
118.1538462,4.37E-54,4.05E-49,9.79E-43,3.76E-33
118.2307692,4.03E-54,3.74E-49,9.08E-43,3.51E-33
118.3076923,3.72E-54,3.46E-49,8.43E-43,3.28E-33
118.3846154,3.43E-54,3.20E-49,7.82E-43,3.06E-33
118.4615385,3.17E-54,2.96E-49,7.25E-43,2.86E-33
118.5384615,2.93E-54,2.74E-49,6.73E-43,2.67E-33
118.6153846,2.70E-54,2.53E-49,6.24E-43,2.50E-33
118.6923077,2.49E-54,2.34E-49,5.79E-43,2.33E-33
118.7692308,2.30E-54,2.17E-49,5.38E-43,2.18E-33
118.8461538,2.12E-54,2.00E-49,4.99E-43,2.03E-33
118.9230769,1.96E-54,1.85E-49,4.63E-43,1.90E-33
119,1.81E-54,1.71E-49,4.29E-43,1.77E-33
119.0769231,1.67E-54,1.58E-49,3.98E-43,1.65E-33
119.1538462,1.54E-54,1.47E-49,3.70E-43,1.54E-33
119.2307692,1.42E-54,1.36E-49,3.43E-43,1.44E-33
119.3076923,1.31E-54,1.25E-49,3.18E-43,1.35E-33
119.3846154,1.21E-54,1.16E-49,2.95E-43,1.26E-33
119.4615385,1.12E-54,1.07E-49,2.74E-43,1.17E-33
119.5384615,1.03E-54,9.92E-50,2.54E-43,1.10E-33
119.6153846,9.54E-55,9.17E-50,2.36E-43,1.02E-33
119.6923077,8.81E-55,8.48E-50,2.19E-43,9.55E-34
119.7692308,8.13E-55,7.84E-50,2.03E-43,8.92E-34
119.8461538,7.51E-55,7.25E-50,1.88E-43,8.33E-34
119.9230769,6.93E-55,6.71E-50,1.75E-43,7.78E-34
120,6.40E-55,6.20E-50,1.62E-43,7.26E-34
120.0769231,5.90E-55,5.74E-50,1.50E-43,6.78E-34
120.1538462,5.45E-55,5.31E-50,1.39E-43,6.33E-34
120.2307692,5.03E-55,4.91E-50,1.29E-43,5.91E-34
120.3076923,4.64E-55,4.54E-50,1.20E-43,5.52E-34
120.3846154,4.29E-55,4.20E-50,1.11E-43,5.15E-34
120.4615385,3.96E-55,3.88E-50,1.03E-43,4.81E-34
120.5384615,3.65E-55,3.59E-50,9.58E-44,4.49E-34
120.6153846,3.37E-55,3.32E-50,8.89E-44,4.19E-34
120.6923077,3.11E-55,3.07E-50,8.25E-44,3.91E-34
120.7692308,2.87E-55,2.84E-50,7.65E-44,3.65E-34
120.8461538,2.65E-55,2.63E-50,7.10E-44,3.41E-34
120.9230769,2.45E-55,2.43E-50,6.58E-44,3.18E-34
121,2.26E-55,2.25E-50,6.11E-44,2.97E-34
121.0769231,2.09E-55,2.08E-50,5.67E-44,2.77E-34
121.1538462,1.93E-55,1.92E-50,5.26E-44,2.59E-34
121.2307692,1.78E-55,1.78E-50,4.88E-44,2.42E-34
121.3076923,1.64E-55,1.64E-50,4.52E-44,2.26E-34
121.3846154,1.51E-55,1.52E-50,4.20E-44,2.11E-34
121.4615385,1.40E-55,1.41E-50,3.89E-44,1.97E-34
121.5384615,1.29E-55,1.30E-50,3.61E-44,1.84E-34
121.6153846,1.19E-55,1.20E-50,3.35E-44,1.71E-34
121.6923077,1.10E-55,1.11E-50,3.11E-44,1.60E-34
121.7692308,1.01E-55,1.03E-50,2.88E-44,1.49E-34
121.8461538,9.37E-56,9.50E-51,2.68E-44,1.39E-34
121.9230769,8.65E-56,8.79E-51,2.48E-44,1.30E-34
122,7.98E-56,8.13E-51,2.30E-44,1.22E-34
122.0769231,7.37E-56,7.52E-51,2.14E-44,1.13E-34
122.1538462,6.80E-56,6.95E-51,1.98E-44,1.06E-34
122.2307692,6.28E-56,6.43E-51,1.84E-44,9.89E-35
122.3076923,5.79E-56,5.95E-51,1.71E-44,9.23E-35
122.3846154,5.35E-56,5.50E-51,1.58E-44,8.61E-35
122.4615385,4.94E-56,5.08E-51,1.47E-44,8.04E-35
122.5384615,4.56E-56,4.70E-51,1.36E-44,7.50E-35
122.6153846,4.21E-56,4.35E-51,1.26E-44,7.01E-35
122.6923077,3.88E-56,4.02E-51,1.17E-44,6.54E-35
122.7692308,3.58E-56,3.72E-51,1.09E-44,6.10E-35
122.8461538,3.31E-56,3.44E-51,1.01E-44,5.70E-35
122.9230769,3.05E-56,3.18E-51,9.35E-45,5.32E-35
123,2.82E-56,2.94E-51,8.67E-45,4.96E-35
123.0769231,2.60E-56,2.72E-51,8.05E-45,4.63E-35
123.1538462,2.40E-56,2.52E-51,7.46E-45,4.32E-35
123.2307692,2.22E-56,2.33E-51,6.92E-45,4.04E-35
123.3076923,2.05E-56,2.15E-51,6.42E-45,3.77E-35
123.3846154,1.89E-56,1.99E-51,5.96E-45,3.52E-35
123.4615385,1.74E-56,1.84E-51,5.53E-45,3.28E-35
123.5384615,1.61E-56,1.70E-51,5.13E-45,3.06E-35
123.6153846,1.49E-56,1.57E-51,4.76E-45,2.86E-35
123.6923077,1.37E-56,1.45E-51,4.41E-45,2.67E-35
123.7692308,1.27E-56,1.35E-51,4.09E-45,2.49E-35
123.8461538,1.17E-56,1.24E-51,3.80E-45,2.32E-35
123.9230769,1.08E-56,1.15E-51,3.52E-45,2.17E-35
124,9.96E-57,1.06E-51,3.27E-45,2.02E-35
124.0769231,9.19E-57,9.84E-52,3.03E-45,1.89E-35
124.1538462,8.49E-57,9.10E-52,2.81E-45,1.76E-35
124.2307692,7.83E-57,8.42E-52,2.61E-45,1.65E-35
124.3076923,7.23E-57,7.78E-52,2.42E-45,1.54E-35
124.3846154,6.67E-57,7.20E-52,2.24E-45,1.43E-35
124.4615385,6.16E-57,6.66E-52,2.08E-45,1.34E-35
124.5384615,5.69E-57,6.15E-52,1.93E-45,1.25E-35
124.6153846,5.25E-57,5.69E-52,1.79E-45,1.17E-35
124.6923077,4.85E-57,5.26E-52,1.66E-45,1.09E-35
124.7692308,4.47E-57,4.87E-52,1.54E-45,1.02E-35
124.8461538,4.13E-57,4.50E-52,1.43E-45,9.47E-36
124.9230769,3.81E-57,4.16E-52,1.33E-45,8.84E-36
125,3.52E-57,3.85E-52,1.23E-45,8.25E-36
125.0769231,3.25E-57,3.56E-52,1.14E-45,7.70E-36
125.1538462,3.00E-57,3.29E-52,1.06E-45,7.19E-36
125.2307692,2.77E-57,3.04E-52,9.81E-46,6.71E-36
125.3076923,2.55E-57,2.81E-52,9.10E-46,6.26E-36
125.3846154,2.36E-57,2.60E-52,8.44E-46,5.84E-36
125.4615385,2.18E-57,2.41E-52,7.83E-46,5.45E-36
125.5384615,2.01E-57,2.23E-52,7.26E-46,5.09E-36
125.6153846,1.85E-57,2.06E-52,6.74E-46,4.75E-36
125.6923077,1.71E-57,1.90E-52,6.25E-46,4.43E-36
125.7692308,1.58E-57,1.76E-52,5.79E-46,4.13E-36
125.8461538,1.46E-57,1.63E-52,5.37E-46,3.86E-36
125.9230769,1.35E-57,1.51E-52,4.99E-46,3.60E-36
126,1.24E-57,1.39E-52,4.62E-46,3.36E-36
126.0769231,1.15E-57,1.29E-52,4.29E-46,3.13E-36
126.1538462,1.06E-57,1.19E-52,3.98E-46,2.92E-36
126.2307692,9.78E-58,1.10E-52,3.69E-46,2.73E-36
126.3076923,9.02E-58,1.02E-52,3.42E-46,2.55E-36
126.3846154,8.33E-58,9.41E-53,3.17E-46,2.38E-36
126.4615385,7.69E-58,8.70E-53,2.94E-46,2.22E-36
126.5384615,7.10E-58,8.05E-53,2.73E-46,2.07E-36
126.6153846,6.55E-58,7.44E-53,2.53E-46,1.93E-36
126.6923077,6.05E-58,6.88E-53,2.35E-46,1.80E-36
126.7692308,5.58E-58,6.36E-53,2.18E-46,1.68E-36
126.8461538,5.15E-58,5.89E-53,2.02E-46,1.57E-36
126.9230769,4.76E-58,5.44E-53,1.87E-46,1.46E-36
127,4.39E-58,5.03E-53,1.74E-46,1.37E-36
127.0769231,4.05E-58,4.65E-53,1.61E-46,1.27E-36
127.1538462,3.74E-58,4.30E-53,1.50E-46,1.19E-36
127.2307692,3.45E-58,3.98E-53,1.39E-46,1.11E-36
127.3076923,3.19E-58,3.68E-53,1.29E-46,1.04E-36
127.3846154,2.94E-58,3.40E-53,1.19E-46,9.66E-37
127.4615385,2.72E-58,3.15E-53,1.11E-46,9.01E-37
127.5384615,2.51E-58,2.91E-53,1.03E-46,8.41E-37
127.6153846,2.31E-58,2.69E-53,9.52E-47,7.84E-37
127.6923077,2.14E-58,2.49E-53,8.83E-47,7.32E-37
127.7692308,1.97E-58,2.30E-53,8.19E-47,6.83E-37
127.8461538,1.82E-58,2.13E-53,7.59E-47,6.37E-37
127.9230769,1.68E-58,1.97E-53,7.04E-47,5.94E-37
128,1.55E-58,1.82E-53,6.53E-47,5.55E-37
128.0769231,1.43E-58,1.68E-53,6.06E-47,5.17E-37
128.1538462,1.32E-58,1.56E-53,5.62E-47,4.83E-37
128.2307692,1.22E-58,1.44E-53,5.21E-47,4.50E-37
128.3076923,1.13E-58,1.33E-53,4.83E-47,4.20E-37
128.3846154,1.04E-58,1.23E-53,4.48E-47,3.92E-37
128.4615385,9.59E-59,1.14E-53,4.16E-47,3.66E-37
128.5384615,8.86E-59,1.05E-53,3.86E-47,3.41E-37
128.6153846,8.18E-59,9.73E-54,3.58E-47,3.18E-37
128.6923077,7.55E-59,8.99E-54,3.32E-47,2.97E-37
128.7692308,6.97E-59,8.32E-54,3.08E-47,2.77E-37
128.8461538,6.43E-59,7.69E-54,2.85E-47,2.59E-37
128.9230769,5.94E-59,7.11E-54,2.65E-47,2.41E-37
129,5.48E-59,6.58E-54,2.45E-47,2.25E-37
129.0769231,5.06E-59,6.08E-54,2.28E-47,2.10E-37
129.1538462,4.67E-59,5.62E-54,2.11E-47,1.96E-37
129.2307692,4.31E-59,5.20E-54,1.96E-47,1.83E-37
129.3076923,3.98E-59,4.81E-54,1.82E-47,1.70E-37
129.3846154,3.67E-59,4.45E-54,1.68E-47,1.59E-37
129.4615385,3.39E-59,4.11E-54,1.56E-47,1.48E-37
129.5384615,3.13E-59,3.80E-54,1.45E-47,1.38E-37
129.6153846,2.89E-59,3.52E-54,1.34E-47,1.29E-37
129.6923077,2.67E-59,3.25E-54,1.25E-47,1.20E-37
129.7692308,2.46E-59,3.01E-54,1.16E-47,1.12E-37
129.8461538,2.27E-59,2.78E-54,1.07E-47,1.05E-37
129.9230769,2.10E-59,2.57E-54,9.93E-48,9.78E-38
130,1.94E-59,2.38E-54,9.21E-48,9.12E-38
130.0769231,1.79E-59,2.20E-54,8.54E-48,8.51E-38
130.1538462,1.65E-59,2.03E-54,7.92E-48,7.94E-38
130.2307692,1.52E-59,1.88E-54,7.35E-48,7.40E-38
130.3076923,1.41E-59,1.74E-54,6.81E-48,6.91E-38
130.3846154,1.30E-59,1.61E-54,6.32E-48,6.44E-38
130.4615385,1.20E-59,1.49E-54,5.86E-48,6.01E-38
130.5384615,1.11E-59,1.37E-54,5.44E-48,5.60E-38
130.6153846,1.02E-59,1.27E-54,5.04E-48,5.23E-38
130.6923077,9.42E-60,1.17E-54,4.67E-48,4.88E-38
130.7692308,8.69E-60,1.09E-54,4.33E-48,4.55E-38
130.8461538,8.02E-60,1.00E-54,4.02E-48,4.24E-38
130.9230769,7.41E-60,9.29E-55,3.73E-48,3.96E-38
131,6.84E-60,8.59E-55,3.46E-48,3.69E-38
131.0769231,6.31E-60,7.94E-55,3.21E-48,3.44E-38
131.1538462,5.83E-60,7.34E-55,2.97E-48,3.21E-38
131.2307692,5.38E-60,6.79E-55,2.76E-48,3.00E-38
131.3076923,4.96E-60,6.28E-55,2.56E-48,2.79E-38
131.3846154,4.58E-60,5.80E-55,2.37E-48,2.61E-38
131.4615385,4.23E-60,5.37E-55,2.20E-48,2.43E-38
131.5384615,3.90E-60,4.96E-55,2.04E-48,2.27E-38
131.6153846,3.60E-60,4.59E-55,1.89E-48,2.12E-38
131.6923077,3.33E-60,4.24E-55,1.75E-48,1.97E-38
131.7692308,3.07E-60,3.92E-55,1.63E-48,1.84E-38
131.8461538,2.83E-60,3.63E-55,1.51E-48,1.72E-38
131.9230769,2.62E-60,3.36E-55,1.40E-48,1.60E-38
132,2.42E-60,3.10E-55,1.30E-48,1.49E-38
132.0769231,2.23E-60,2.87E-55,1.20E-48,1.39E-38
132.1538462,2.06E-60,2.65E-55,1.12E-48,1.30E-38
132.2307692,1.90E-60,2.45E-55,1.03E-48,1.21E-38
132.3076923,1.75E-60,2.27E-55,9.59E-49,1.13E-38
132.3846154,1.62E-60,2.10E-55,8.89E-49,1.05E-38
132.4615385,1.49E-60,1.94E-55,8.25E-49,9.83E-39
132.5384615,1.38E-60,1.79E-55,7.65E-49,9.17E-39
132.6153846,1.27E-60,1.66E-55,7.09E-49,8.55E-39
132.6923077,1.18E-60,1.53E-55,6.58E-49,7.97E-39
132.7692308,1.08E-60,1.42E-55,6.10E-49,7.44E-39
132.8461538,1.00E-60,1.31E-55,5.65E-49,6.94E-39
132.9230769,9.24E-61,1.21E-55,5.24E-49,6.47E-39
133,8.53E-61,1.12E-55,4.86E-49,6.03E-39
133.0769231,7.88E-61,1.04E-55,4.51E-49,5.63E-39
133.1538462,7.27E-61,9.58E-56,4.18E-49,5.25E-39
133.2307692,6.71E-61,8.86E-56,3.88E-49,4.89E-39
133.3076923,6.19E-61,8.19E-56,3.59E-49,4.56E-39
133.3846154,5.72E-61,7.57E-56,3.33E-49,4.26E-39
133.4615385,5.28E-61,7.00E-56,3.09E-49,3.97E-39
133.5384615,4.87E-61,6.48E-56,2.87E-49,3.70E-39
133.6153846,4.50E-61,5.99E-56,2.66E-49,3.45E-39
133.6923077,4.15E-61,5.54E-56,2.46E-49,3.22E-39
133.7692308,3.83E-61,5.12E-56,2.29E-49,3.00E-39
133.8461538,3.54E-61,4.73E-56,2.12E-49,2.80E-39
133.9230769,3.27E-61,4.38E-56,1.97E-49,2.61E-39
134,3.01E-61,4.05E-56,1.82E-49,2.44E-39
134.0769231,2.78E-61,3.74E-56,1.69E-49,2.27E-39
134.1538462,2.57E-61,3.46E-56,1.57E-49,2.12E-39
134.2307692,2.37E-61,3.20E-56,1.45E-49,1.97E-39
134.3076923,2.19E-61,2.96E-56,1.35E-49,1.84E-39
134.3846154,2.02E-61,2.74E-56,1.25E-49,1.72E-39
134.4615385,1.86E-61,2.53E-56,1.16E-49,1.60E-39
134.5384615,1.72E-61,2.34E-56,1.07E-49,1.49E-39
134.6153846,1.59E-61,2.16E-56,9.96E-50,1.39E-39
134.6923077,1.47E-61,2.00E-56,9.23E-50,1.30E-39
134.7692308,1.35E-61,1.85E-56,8.56E-50,1.21E-39
134.8461538,1.25E-61,1.71E-56,7.94E-50,1.13E-39
134.9230769,1.15E-61,1.58E-56,7.36E-50,1.05E-39
135,1.06E-61,1.46E-56,6.83E-50,9.82E-40
135.0769231,9.83E-62,1.35E-56,6.33E-50,9.16E-40
135.1538462,9.07E-62,1.25E-56,5.87E-50,8.54E-40
135.2307692,8.37E-62,1.16E-56,5.44E-50,7.96E-40
135.3076923,7.73E-62,1.07E-56,5.05E-50,7.42E-40
135.3846154,7.14E-62,9.88E-57,4.68E-50,6.92E-40
135.4615385,6.59E-62,9.13E-57,4.34E-50,6.46E-40
135.5384615,6.08E-62,8.44E-57,4.02E-50,6.02E-40
135.6153846,5.61E-62,7.81E-57,3.73E-50,5.61E-40
135.6923077,5.18E-62,7.22E-57,3.46E-50,5.23E-40
135.7692308,4.78E-62,6.67E-57,3.21E-50,4.88E-40
135.8461538,4.41E-62,6.17E-57,2.97E-50,4.55E-40
135.9230769,4.07E-62,5.71E-57,2.76E-50,4.24E-40
136,3.76E-62,5.28E-57,2.56E-50,3.96E-40
136.0769231,3.47E-62,4.88E-57,2.37E-50,3.69E-40
136.1538462,3.21E-62,4.51E-57,2.20E-50,3.44E-40
136.2307692,2.96E-62,4.17E-57,2.04E-50,3.21E-40
136.3076923,2.73E-62,3.86E-57,1.89E-50,2.99E-40
136.3846154,2.52E-62,3.57E-57,1.75E-50,2.79E-40
136.4615385,2.33E-62,3.30E-57,1.62E-50,2.60E-40
136.5384615,2.15E-62,3.05E-57,1.51E-50,2.42E-40
136.6153846,1.98E-62,2.82E-57,1.40E-50,2.26E-40
136.6923077,1.83E-62,2.61E-57,1.29E-50,2.11E-40
136.7692308,1.69E-62,2.41E-57,1.20E-50,1.96E-40
136.8461538,1.56E-62,2.23E-57,1.11E-50,1.83E-40
136.9230769,1.44E-62,2.06E-57,1.03E-50,1.71E-40
137,1.33E-62,1.90E-57,9.57E-51,1.59E-40
137.0769231,1.23E-62,1.76E-57,8.87E-51,1.48E-40
137.1538462,1.13E-62,1.63E-57,8.22E-51,1.38E-40
137.2307692,1.05E-62,1.51E-57,7.62E-51,1.29E-40
137.3076923,9.65E-63,1.39E-57,7.07E-51,1.20E-40
137.3846154,8.91E-63,1.29E-57,6.55E-51,1.12E-40
137.4615385,8.22E-63,1.19E-57,6.08E-51,1.05E-40
137.5384615,7.59E-63,1.10E-57,5.63E-51,9.75E-41
137.6153846,7.00E-63,1.02E-57,5.22E-51,9.09E-41
137.6923077,6.47E-63,9.40E-58,4.84E-51,8.47E-41
137.7692308,5.97E-63,8.70E-58,4.49E-51,7.90E-41
137.8461538,5.51E-63,8.04E-58,4.16E-51,7.37E-41
137.9230769,5.09E-63,7.43E-58,3.86E-51,6.87E-41
138,4.69E-63,6.87E-58,3.58E-51,6.40E-41
138.0769231,4.33E-63,6.35E-58,3.32E-51,5.97E-41
138.1538462,4.00E-63,5.88E-58,3.08E-51,5.56E-41
138.2307692,3.69E-63,5.43E-58,2.85E-51,5.19E-41
138.3076923,3.41E-63,5.02E-58,2.64E-51,4.84E-41
138.3846154,3.15E-63,4.64E-58,2.45E-51,4.51E-41
138.4615385,2.90E-63,4.29E-58,2.27E-51,4.20E-41
138.5384615,2.68E-63,3.97E-58,2.11E-51,3.92E-41
138.6153846,2.47E-63,3.67E-58,1.95E-51,3.65E-41
138.6923077,2.28E-63,3.39E-58,1.81E-51,3.41E-41
138.7692308,2.11E-63,3.14E-58,1.68E-51,3.17E-41
138.8461538,1.95E-63,2.90E-58,1.56E-51,2.96E-41
138.9230769,1.80E-63,2.68E-58,1.44E-51,2.76E-41
139,1.66E-63,2.48E-58,1.34E-51,2.57E-41
139.0769231,1.53E-63,2.29E-58,1.24E-51,2.40E-41
139.1538462,1.41E-63,2.12E-58,1.15E-51,2.24E-41
139.2307692,1.30E-63,1.96E-58,1.07E-51,2.08E-41
139.3076923,1.20E-63,1.81E-58,9.89E-52,1.94E-41
139.3846154,1.11E-63,1.68E-58,9.17E-52,1.81E-41
139.4615385,1.03E-63,1.55E-58,8.50E-52,1.69E-41
139.5384615,9.47E-64,1.43E-58,7.88E-52,1.57E-41
139.6153846,8.74E-64,1.32E-58,7.31E-52,1.47E-41
139.6923077,8.07E-64,1.22E-58,6.77E-52,1.37E-41
139.7692308,7.45E-64,1.13E-58,6.28E-52,1.27E-41
139.8461538,6.87E-64,1.05E-58,5.82E-52,1.19E-41
139.9230769,6.35E-64,9.68E-59,5.40E-52,1.11E-41
140,5.86E-64,8.95E-59,5.00E-52,1.03E-41
140.0769231,5.41E-64,8.27E-59,4.64E-52,9.62E-42
140.1538462,4.99E-64,7.65E-59,4.30E-52,8.97E-42
140.2307692,4.61E-64,7.07E-59,3.99E-52,8.36E-42
140.3076923,4.25E-64,6.54E-59,3.70E-52,7.79E-42
140.3846154,3.93E-64,6.05E-59,3.43E-52,7.26E-42
140.4615385,3.62E-64,5.59E-59,3.18E-52,6.77E-42
140.5384615,3.34E-64,5.17E-59,2.95E-52,6.31E-42
140.6153846,3.09E-64,4.78E-59,2.73E-52,5.88E-42
140.6923077,2.85E-64,4.42E-59,2.53E-52,5.48E-42
140.7692308,2.63E-64,4.08E-59,2.35E-52,5.11E-42
140.8461538,2.43E-64,3.78E-59,2.18E-52,4.76E-42
140.9230769,2.24E-64,3.49E-59,2.02E-52,4.44E-42
141,2.07E-64,3.23E-59,1.87E-52,4.14E-42
141.0769231,1.91E-64,2.98E-59,1.73E-52,3.86E-42
141.1538462,1.76E-64,2.76E-59,1.61E-52,3.60E-42
141.2307692,1.63E-64,2.55E-59,1.49E-52,3.35E-42
141.3076923,1.50E-64,2.36E-59,1.38E-52,3.12E-42
141.3846154,1.39E-64,2.18E-59,1.28E-52,2.91E-42
141.4615385,1.28E-64,2.02E-59,1.19E-52,2.71E-42
141.5384615,1.18E-64,1.86E-59,1.10E-52,2.53E-42
141.6153846,1.09E-64,1.72E-59,1.02E-52,2.36E-42
141.6923077,1.01E-64,1.59E-59,9.46E-53,2.20E-42
141.7692308,9.29E-65,1.47E-59,8.77E-53,2.05E-42
141.8461538,8.58E-65,1.36E-59,8.13E-53,1.91E-42
141.9230769,7.92E-65,1.26E-59,7.53E-53,1.78E-42
142,7.31E-65,1.16E-59,6.98E-53,1.66E-42
142.0769231,6.75E-65,1.08E-59,6.47E-53,1.55E-42
142.1538462,6.23E-65,9.95E-60,6.00E-53,1.44E-42
142.2307692,5.75E-65,9.20E-60,5.56E-53,1.34E-42
142.3076923,5.31E-65,8.51E-60,5.16E-53,1.25E-42
142.3846154,4.90E-65,7.87E-60,4.78E-53,1.17E-42
142.4615385,4.52E-65,7.27E-60,4.43E-53,1.09E-42
142.5384615,4.17E-65,6.72E-60,4.11E-53,1.01E-42
142.6153846,3.85E-65,6.22E-60,3.81E-53,9.44E-43
142.6923077,3.56E-65,5.75E-60,3.53E-53,8.80E-43
142.7692308,3.28E-65,5.31E-60,3.27E-53,8.20E-43
142.8461538,3.03E-65,4.91E-60,3.03E-53,7.64E-43
142.9230769,2.80E-65,4.54E-60,2.81E-53,7.12E-43
143,2.58E-65,4.20E-60,2.61E-53,6.64E-43
143.0769231,2.38E-65,3.88E-60,2.42E-53,6.19E-43
143.1538462,2.20E-65,3.59E-60,2.24E-53,5.77E-43
143.2307692,2.03E-65,3.32E-60,2.08E-53,5.37E-43
143.3076923,1.87E-65,3.07E-60,1.93E-53,5.01E-43
143.3846154,1.73E-65,2.84E-60,1.79E-53,4.67E-43
143.4615385,1.60E-65,2.62E-60,1.65E-53,4.35E-43
143.5384615,1.47E-65,2.42E-60,1.53E-53,4.05E-43
143.6153846,1.36E-65,2.24E-60,1.42E-53,3.78E-43
143.6923077,1.26E-65,2.07E-60,1.32E-53,3.52E-43
143.7692308,1.16E-65,1.92E-60,1.22E-53,3.28E-43
143.8461538,1.07E-65,1.77E-60,1.13E-53,3.06E-43
143.9230769,9.88E-66,1.64E-60,1.05E-53,2.85E-43
144,9.12E-66,1.51E-60,9.73E-54,2.66E-43
144.0769231,8.42E-66,1.40E-60,9.02E-54,2.47E-43
144.1538462,7.77E-66,1.29E-60,8.36E-54,2.31E-43
144.2307692,7.17E-66,1.20E-60,7.75E-54,2.15E-43
144.3076923,6.62E-66,1.11E-60,7.19E-54,2.00E-43
144.3846154,6.11E-66,1.02E-60,6.66E-54,1.87E-43
144.4615385,5.64E-66,9.46E-61,6.18E-54,1.74E-43
144.5384615,5.21E-66,8.74E-61,5.72E-54,1.62E-43
144.6153846,4.81E-66,8.08E-61,5.31E-54,1.51E-43
144.6923077,4.44E-66,7.47E-61,4.92E-54,1.41E-43
144.7692308,4.10E-66,6.91E-61,4.56E-54,1.31E-43
144.8461538,3.78E-66,6.39E-61,4.23E-54,1.22E-43
144.9230769,3.49E-66,5.91E-61,3.92E-54,1.14E-43
145,3.22E-66,5.46E-61,3.63E-54,1.06E-43
145.0769231,2.97E-66,5.05E-61,3.37E-54,9.89E-44
145.1538462,2.75E-66,4.67E-61,3.12E-54,9.21E-44
145.2307692,2.53E-66,4.31E-61,2.89E-54,8.59E-44
145.3076923,2.34E-66,3.99E-61,2.68E-54,8.00E-44
145.3846154,2.16E-66,3.69E-61,2.49E-54,7.45E-44
145.4615385,1.99E-66,3.41E-61,2.30E-54,6.95E-44
145.5384615,1.84E-66,3.15E-61,2.14E-54,6.47E-44
145.6153846,1.70E-66,2.91E-61,1.98E-54,6.03E-44
145.6923077,1.57E-66,2.69E-61,1.83E-54,5.62E-44
145.7692308,1.45E-66,2.49E-61,1.70E-54,5.24E-44
145.8461538,1.34E-66,2.30E-61,1.58E-54,4.88E-44
145.9230769,1.23E-66,2.13E-61,1.46E-54,4.55E-44
146,1.14E-66,1.97E-61,1.35E-54,4.24E-44
146.0769231,1.05E-66,1.82E-61,1.26E-54,3.95E-44
146.1538462,9.70E-67,1.68E-61,1.16E-54,3.68E-44
146.2307692,8.95E-67,1.56E-61,1.08E-54,3.43E-44
146.3076923,8.26E-67,1.44E-61,1.00E-54,3.19E-44
146.3846154,7.63E-67,1.33E-61,9.27E-55,2.98E-44
146.4615385,7.04E-67,1.23E-61,8.59E-55,2.77E-44
146.5384615,6.50E-67,1.14E-61,7.96E-55,2.58E-44
146.6153846,6.00E-67,1.05E-61,7.38E-55,2.41E-44
146.6923077,5.54E-67,9.71E-62,6.84E-55,2.24E-44
146.7692308,5.11E-67,8.98E-62,6.34E-55,2.09E-44
146.8461538,4.72E-67,8.30E-62,5.88E-55,1.95E-44
146.9230769,4.36E-67,7.67E-62,5.45E-55,1.81E-44
147,4.02E-67,7.10E-62,5.05E-55,1.69E-44
147.0769231,3.71E-67,6.56E-62,4.68E-55,1.57E-44
147.1538462,3.43E-67,6.06E-62,4.34E-55,1.47E-44
147.2307692,3.16E-67,5.61E-62,4.02E-55,1.37E-44
147.3076923,2.92E-67,5.18E-62,3.73E-55,1.27E-44
147.3846154,2.70E-67,4.79E-62,3.45E-55,1.19E-44
147.4615385,2.49E-67,4.43E-62,3.20E-55,1.11E-44
147.5384615,2.30E-67,4.10E-62,2.97E-55,1.03E-44
147.6153846,2.12E-67,3.79E-62,2.75E-55,9.60E-45
147.6923077,1.96E-67,3.50E-62,2.55E-55,8.94E-45
147.7692308,1.81E-67,3.24E-62,2.36E-55,8.33E-45
147.8461538,1.67E-67,2.99E-62,2.19E-55,7.76E-45
147.9230769,1.54E-67,2.77E-62,2.03E-55,7.23E-45
148,1.42E-67,2.56E-62,1.88E-55,6.74E-45
148.0769231,1.31E-67,2.36E-62,1.74E-55,6.28E-45
148.1538462,1.21E-67,2.19E-62,1.62E-55,5.85E-45
148.2307692,1.12E-67,2.02E-62,1.50E-55,5.45E-45
148.3076923,1.03E-67,1.87E-62,1.39E-55,5.08E-45
148.3846154,9.52E-68,1.73E-62,1.29E-55,4.73E-45
148.4615385,8.79E-68,1.60E-62,1.19E-55,4.41E-45
148.5384615,8.11E-68,1.48E-62,1.11E-55,4.10E-45
148.6153846,7.49E-68,1.36E-62,1.03E-55,3.82E-45
148.6923077,6.91E-68,1.26E-62,9.50E-56,3.56E-45
148.7692308,6.38E-68,1.17E-62,8.81E-56,3.32E-45
148.8461538,5.89E-68,1.08E-62,8.16E-56,3.09E-45
148.9230769,5.44E-68,9.97E-63,7.57E-56,2.88E-45
149,5.02E-68,9.21E-63,7.01E-56,2.68E-45
149.0769231,4.63E-68,8.52E-63,6.50E-56,2.50E-45
149.1538462,4.28E-68,7.88E-63,6.02E-56,2.33E-45
149.2307692,3.95E-68,7.28E-63,5.58E-56,2.17E-45
149.3076923,3.64E-68,6.73E-63,5.17E-56,2.02E-45
149.3846154,3.36E-68,6.22E-63,4.80E-56,1.88E-45
149.4615385,3.10E-68,5.75E-63,4.45E-56,1.75E-45
149.5384615,2.87E-68,5.32E-63,4.12E-56,1.63E-45
149.6153846,2.65E-68,4.92E-63,3.82E-56,1.52E-45
149.6923077,2.44E-68,4.55E-63,3.54E-56,1.42E-45
149.7692308,2.25E-68,4.20E-63,3.28E-56,1.32E-45
149.8461538,2.08E-68,3.88E-63,3.04E-56,1.23E-45
149.9230769,1.92E-68,3.59E-63,2.82E-56,1.15E-45
150,1.77E-68,3.32E-63,2.61E-56,1.07E-45
150.0769231,1.64E-68,3.07E-63,2.42E-56,9.95E-46
150.1538462,1.51E-68,2.84E-63,2.24E-56,9.27E-46
150.2307692,1.39E-68,2.62E-63,2.08E-56,8.63E-46
150.3076923,1.29E-68,2.43E-63,1.93E-56,8.04E-46
150.3846154,1.19E-68,2.24E-63,1.79E-56,7.49E-46
150.4615385,1.10E-68,2.07E-63,1.66E-56,6.98E-46
150.5384615,1.01E-68,1.92E-63,1.53E-56,6.50E-46
150.6153846,9.34E-69,1.77E-63,1.42E-56,6.06E-46
150.6923077,8.63E-69,1.64E-63,1.32E-56,5.64E-46
150.7692308,7.96E-69,1.51E-63,1.22E-56,5.25E-46
150.8461538,7.35E-69,1.40E-63,1.13E-56,4.89E-46
150.9230769,6.78E-69,1.29E-63,1.05E-56,4.56E-46
151,6.26E-69,1.20E-63,9.72E-57,4.25E-46
151.0769231,5.78E-69,1.11E-63,9.01E-57,3.96E-46
151.1538462,5.34E-69,1.02E-63,8.35E-57,3.69E-46
151.2307692,4.93E-69,9.45E-64,7.74E-57,3.43E-46
151.3076923,4.55E-69,8.74E-64,7.17E-57,3.20E-46
151.3846154,4.20E-69,8.08E-64,6.65E-57,2.98E-46
151.4615385,3.87E-69,7.47E-64,6.16E-57,2.77E-46
151.5384615,3.58E-69,6.90E-64,5.71E-57,2.58E-46
151.6153846,3.30E-69,6.38E-64,5.29E-57,2.41E-46
151.6923077,3.05E-69,5.90E-64,4.90E-57,2.24E-46
151.7692308,2.81E-69,5.45E-64,4.55E-57,2.09E-46
151.8461538,2.60E-69,5.04E-64,4.21E-57,1.95E-46
151.9230769,2.40E-69,4.66E-64,3.90E-57,1.81E-46
152,2.21E-69,4.31E-64,3.62E-57,1.69E-46
152.0769231,2.04E-69,3.98E-64,3.35E-57,1.57E-46
152.1538462,1.89E-69,3.68E-64,3.11E-57,1.46E-46
152.2307692,1.74E-69,3.40E-64,2.88E-57,1.36E-46
152.3076923,1.61E-69,3.15E-64,2.67E-57,1.27E-46
152.3846154,1.48E-69,2.91E-64,2.47E-57,1.18E-46
152.4615385,1.37E-69,2.69E-64,2.29E-57,1.10E-46
152.5384615,1.26E-69,2.49E-64,2.12E-57,1.03E-46
152.6153846,1.17E-69,2.30E-64,1.97E-57,9.56E-47
152.6923077,1.08E-69,2.12E-64,1.83E-57,8.90E-47
152.7692308,9.94E-70,1.96E-64,1.69E-57,8.29E-47
152.8461538,9.17E-70,1.82E-64,1.57E-57,7.73E-47
152.9230769,8.47E-70,1.68E-64,1.45E-57,7.20E-47
153,7.82E-70,1.55E-64,1.35E-57,6.70E-47
153.0769231,7.21E-70,1.43E-64,1.25E-57,6.24E-47
153.1538462,6.66E-70,1.33E-64,1.16E-57,5.81E-47
153.2307692,6.15E-70,1.23E-64,1.07E-57,5.41E-47
153.3076923,5.67E-70,1.13E-64,9.93E-58,5.04E-47
153.3846154,5.24E-70,1.05E-64,9.20E-58,4.70E-47
153.4615385,4.83E-70,9.69E-65,8.53E-58,4.37E-47
153.5384615,4.46E-70,8.95E-65,7.90E-58,4.07E-47
153.6153846,4.12E-70,8.28E-65,7.33E-58,3.79E-47
153.6923077,3.80E-70,7.65E-65,6.79E-58,3.53E-47
153.7692308,3.51E-70,7.07E-65,6.29E-58,3.29E-47
153.8461538,3.24E-70,6.54E-65,5.83E-58,3.07E-47
